variant,model,acc,f1_macro,f1_weighted,n,delta_pp
full,CNN,0.7916666666666666,0.7860668675381406,0.7904269690729663,144,0.0
full,SVM,0.7708333333333334,0.7670550001377068,0.7694985326564274,144,0.0
mfcc_only,CNN,0.8055555555555556,0.7986092414663845,0.8028346632513299,144,1.388888888888895
mfcc_only,SVM,0.7847222222222222,0.7838230028853647,0.7849856463053057,144,1.388888888888884
no_augmentation,CNN,0.3125,0.17604255542262284,0.20744979406018413,144,-47.916666666666664
no_augmentation,SVM,0.7847222222222222,0.7787993216564645,0.7825555700555701,144,1.388888888888884
no_augmentation_patience20,CNN,0.7430555555555556,0.7278517511395025,0.7349247119683636,144,-4.861111111111105
no_chroma,CNN,0.7361111111111112,0.7274801013272013,0.7319356434014492,144,-5.5555555555555465
no_chroma,SVM,0.7916666666666666,0.787749633238355,0.790295273628607,144,2.083333333333326
no_mfcc,CNN,0.5694444444444444,0.553840015488813,0.5595382011435933,144,-22.22222222222222
no_mfcc,SVM,0.4513888888888889,0.421840103477865,0.4293571030429603,144,-31.944444444444446
no_rms,CNN,0.7916666666666666,0.7780064208635638,0.7875237875237875,144,0.0
no_rms,SVM,0.7708333333333334,0.7707371747619426,0.7707626779156705,144,0.0
no_zcr,CNN,0.7986111111111112,0.7897892490329464,0.796088481688972,144,0.6944444444444531
no_zcr,SVM,0.7708333333333334,0.7719545373680711,0.7712377212377213,144,0.0
