experiment,model,acc,f1_macro,f1_weighted,n,acc_fold_mean,acc_fold_std
paper,Majority,0.2013888888888889,0.04789430222956235,0.06751766217084136,144,,
paper,SVM,0.7708333333333334,0.7670550001377068,0.7694985326564274,144,,
paper,RandomForest,0.6944444444444444,0.6798691293155633,0.6838661773424707,144,,
paper,CNN,0.7916666666666666,0.7860668675381406,0.7904269690729663,144,,
paper,CNN_BiLSTM,0.8125,0.8063104189044038,0.8114335317460317,144,,
paper,Ensemble,0.8194444444444444,0.8144966809500996,0.8193842249553298,144,,
leaky,Majority,0.1996527777777778,0.047550134380814554,0.06645461488985367,576,,
leaky,SVM,0.8559027777777778,0.8537683730030375,0.8556809264129035,576,,
leaky,RandomForest,0.7152777777777778,0.7053358454862749,0.7070934388905956,576,,
leaky,CNN,0.9565972222222222,0.9569234102229286,0.956454874776064,576,,
leaky,CNN_BiLSTM,0.9444444444444444,0.9451795324756239,0.9443729690125936,576,,
leaky,Ensemble,0.9652777777777778,0.9662050322688687,0.9653326681719135,576,,
speaker,Majority,0.2,0.047619047619047616,0.06666666666666667,1440,0.2,0.0
speaker,SVM,0.4909722222222222,0.4878125857634307,0.4923864289434043,1440,0.4909722222222222,0.042508849841119134
speaker,RandomForest,0.46805555555555556,0.43328817499882394,0.44557876725380424,1440,0.46805555555555556,0.02638888888888888
speaker,CNN,0.5666666666666667,0.5597076263001898,0.5660679613232735,1440,0.5666666666666667,0.019934305686676847
speaker,CNN_BiLSTM,0.5652777777777778,0.5618687940919328,0.5643864991049385,1440,0.5652777777777778,0.029034090222731745
speaker,Ensemble,0.5847222222222223,0.5777944755144835,0.5822481306892437,1440,0.5847222222222223,0.01909406539564931
ravdess_to_tess,Majority,0.14285714285714285,0.03571428571428571,0.03571428571428571,2800,,
ravdess_to_tess,SVM,0.2392857142857143,0.17174819679918069,0.17174819679918066,2800,,
ravdess_to_tess,RandomForest,0.31107142857142855,0.2381226192119899,0.2381226192119899,2800,,
ravdess_to_tess,CNN,0.1775,0.14266235627441987,0.1426623562744199,2800,,
ravdess_to_tess,CNN_BiLSTM,0.17892857142857144,0.17130546103692088,0.17130546103692088,2800,,
ravdess_to_tess,Ensemble,0.19714285714285715,0.16986693573753003,0.16986693573753003,2800,,
tess_to_ravdess,Majority,0.2,0.047619047619047616,0.06666666666666667,1440,,
tess_to_ravdess,SVM,0.1361111111111111,0.07691781706160986,0.07950601197355193,1440,,
tess_to_ravdess,RandomForest,0.14375,0.05558384956692482,0.05187825959579649,1440,,
tess_to_ravdess,CNN,0.14097222222222222,0.06628400014643401,0.061865066803338406,1440,,
tess_to_ravdess,CNN_BiLSTM,0.1361111111111111,0.039622093031139456,0.03698062016239683,1440,,
tess_to_ravdess,Ensemble,0.14097222222222222,0.06628400014643401,0.061865066803338406,1440,,
