path,dataset,speaker,gender,emotion,label,pred,experiment,fold,model,variant
data/RAVDESS/Actor_21/03-01-01-01-01-02-21.wav,RAVDESS,R21,male,neutral,0,0,paper,0,Majority,full
data/RAVDESS/Actor_08/03-01-06-02-02-02-08.wav,RAVDESS,R08,female,fearful,4,0,paper,0,Majority,full
data/RAVDESS/Actor_15/03-01-06-01-01-01-15.wav,RAVDESS,R15,male,fearful,4,0,paper,0,Majority,full
data/RAVDESS/Actor_15/03-01-05-02-02-01-15.wav,RAVDESS,R15,male,angry,3,0,paper,0,Majority,full
data/RAVDESS/Actor_05/03-01-02-02-02-01-05.wav,RAVDESS,R05,male,neutral,0,0,paper,0,Majority,full
data/RAVDESS/Actor_09/03-01-02-02-01-02-09.wav,RAVDESS,R09,male,neutral,0,0,paper,0,Majority,full
data/RAVDESS/Actor_15/03-01-07-01-02-01-15.wav,RAVDESS,R15,male,disgust,5,0,paper,0,Majority,full
data/RAVDESS/Actor_14/03-01-06-02-02-01-14.wav,RAVDESS,R14,female,fearful,4,0,paper,0,Majority,full
data/RAVDESS/Actor_09/03-01-02-01-02-01-09.wav,RAVDESS,R09,male,neutral,0,0,paper,0,Majority,full
data/RAVDESS/Actor_07/03-01-02-02-01-01-07.wav,RAVDESS,R07,male,neutral,0,0,paper,0,Majority,full
data/RAVDESS/Actor_10/03-01-04-02-02-02-10.wav,RAVDESS,R10,female,sad,2,0,paper,0,Majority,full
data/RAVDESS/Actor_06/03-01-07-02-02-01-06.wav,RAVDESS,R06,female,disgust,5,0,paper,0,Majority,full
data/RAVDESS/Actor_21/03-01-01-01-02-02-21.wav,RAVDESS,R21,male,neutral,0,0,paper,0,Majority,full
data/RAVDESS/Actor_06/03-01-05-02-01-02-06.wav,RAVDESS,R06,female,angry,3,0,paper,0,Majority,full
data/RAVDESS/Actor_01/03-01-04-01-01-02-01.wav,RAVDESS,R01,male,sad,2,0,paper,0,Majority,full
data/RAVDESS/Actor_15/03-01-05-02-01-02-15.wav,RAVDESS,R15,male,angry,3,0,paper,0,Majority,full
data/RAVDESS/Actor_02/03-01-08-01-02-01-02.wav,RAVDESS,R02,female,surprised,6,0,paper,0,Majority,full
data/RAVDESS/Actor_20/03-01-04-02-02-02-20.wav,RAVDESS,R20,female,sad,2,0,paper,0,Majority,full
data/RAVDESS/Actor_12/03-01-01-01-02-01-12.wav,RAVDESS,R12,female,neutral,0,0,paper,0,Majority,full
data/RAVDESS/Actor_17/03-01-05-02-02-02-17.wav,RAVDESS,R17,male,angry,3,0,paper,0,Majority,full
data/RAVDESS/Actor_11/03-01-05-01-01-02-11.wav,RAVDESS,R11,male,angry,3,0,paper,0,Majority,full
data/RAVDESS/Actor_17/03-01-03-02-02-02-17.wav,RAVDESS,R17,male,happy,1,0,paper,0,Majority,full
data/RAVDESS/Actor_24/03-01-03-01-02-01-24.wav,RAVDESS,R24,female,happy,1,0,paper,0,Majority,full
data/RAVDESS/Actor_16/03-01-04-01-02-02-16.wav,RAVDESS,R16,female,sad,2,0,paper,0,Majority,full
data/RAVDESS/Actor_16/03-01-05-01-01-02-16.wav,RAVDESS,R16,female,angry,3,0,paper,0,Majority,full
data/RAVDESS/Actor_13/03-01-02-01-02-02-13.wav,RAVDESS,R13,male,neutral,0,0,paper,0,Majority,full
data/RAVDESS/Actor_08/03-01-01-01-02-02-08.wav,RAVDESS,R08,female,neutral,0,0,paper,0,Majority,full
data/RAVDESS/Actor_02/03-01-07-01-02-01-02.wav,RAVDESS,R02,female,disgust,5,0,paper,0,Majority,full
data/RAVDESS/Actor_03/03-01-03-01-01-01-03.wav,RAVDESS,R03,male,happy,1,0,paper,0,Majority,full
data/RAVDESS/Actor_07/03-01-05-02-02-02-07.wav,RAVDESS,R07,male,angry,3,0,paper,0,Majority,full
data/RAVDESS/Actor_05/03-01-03-01-02-01-05.wav,RAVDESS,R05,male,happy,1,0,paper,0,Majority,full
data/RAVDESS/Actor_22/03-01-02-01-01-02-22.wav,RAVDESS,R22,female,neutral,0,0,paper,0,Majority,full
data/RAVDESS/Actor_09/03-01-02-01-02-02-09.wav,RAVDESS,R09,male,neutral,0,0,paper,0,Majority,full
data/RAVDESS/Actor_17/03-01-03-02-02-01-17.wav,RAVDESS,R17,male,happy,1,0,paper,0,Majority,full
data/RAVDESS/Actor_14/03-01-02-02-02-01-14.wav,RAVDESS,R14,female,neutral,0,0,paper,0,Majority,full
data/RAVDESS/Actor_22/03-01-06-01-01-02-22.wav,RAVDESS,R22,female,fearful,4,0,paper,0,Majority,full
data/RAVDESS/Actor_08/03-01-02-01-02-02-08.wav,RAVDESS,R08,female,neutral,0,0,paper,0,Majority,full
data/RAVDESS/Actor_09/03-01-05-01-01-01-09.wav,RAVDESS,R09,male,angry,3,0,paper,0,Majority,full
data/RAVDESS/Actor_15/03-01-03-02-01-01-15.wav,RAVDESS,R15,male,happy,1,0,paper,0,Majority,full
data/RAVDESS/Actor_09/03-01-04-01-02-01-09.wav,RAVDESS,R09,male,sad,2,0,paper,0,Majority,full
data/RAVDESS/Actor_22/03-01-04-02-01-02-22.wav,RAVDESS,R22,female,sad,2,0,paper,0,Majority,full
data/RAVDESS/Actor_06/03-01-04-02-01-02-06.wav,RAVDESS,R06,female,sad,2,0,paper,0,Majority,full
data/RAVDESS/Actor_16/03-01-02-02-02-02-16.wav,RAVDESS,R16,female,neutral,0,0,paper,0,Majority,full
data/RAVDESS/Actor_20/03-01-07-02-01-01-20.wav,RAVDESS,R20,female,disgust,5,0,paper,0,Majority,full
data/RAVDESS/Actor_14/03-01-02-01-01-01-14.wav,RAVDESS,R14,female,neutral,0,0,paper,0,Majority,full
data/RAVDESS/Actor_05/03-01-08-01-02-02-05.wav,RAVDESS,R05,male,surprised,6,0,paper,0,Majority,full
data/RAVDESS/Actor_20/03-01-05-01-01-01-20.wav,RAVDESS,R20,female,angry,3,0,paper,0,Majority,full
data/RAVDESS/Actor_12/03-01-05-01-02-02-12.wav,RAVDESS,R12,female,angry,3,0,paper,0,Majority,full
data/RAVDESS/Actor_22/03-01-03-01-02-02-22.wav,RAVDESS,R22,female,happy,1,0,paper,0,Majority,full
data/RAVDESS/Actor_03/03-01-03-02-01-01-03.wav,RAVDESS,R03,male,happy,1,0,paper,0,Majority,full
data/RAVDESS/Actor_09/03-01-04-02-01-01-09.wav,RAVDESS,R09,male,sad,2,0,paper,0,Majority,full
data/RAVDESS/Actor_05/03-01-01-01-01-01-05.wav,RAVDESS,R05,male,neutral,0,0,paper,0,Majority,full
data/RAVDESS/Actor_01/03-01-06-02-02-02-01.wav,RAVDESS,R01,male,fearful,4,0,paper,0,Majority,full
data/RAVDESS/Actor_24/03-01-03-02-01-01-24.wav,RAVDESS,R24,female,happy,1,0,paper,0,Majority,full
data/RAVDESS/Actor_05/03-01-07-01-01-01-05.wav,RAVDESS,R05,male,disgust,5,0,paper,0,Majority,full
data/RAVDESS/Actor_17/03-01-05-02-01-02-17.wav,RAVDESS,R17,male,angry,3,0,paper,0,Majority,full
data/RAVDESS/Actor_13/03-01-03-01-01-01-13.wav,RAVDESS,R13,male,happy,1,0,paper,0,Majority,full
data/RAVDESS/Actor_01/03-01-04-01-02-02-01.wav,RAVDESS,R01,male,sad,2,0,paper,0,Majority,full
data/RAVDESS/Actor_19/03-01-06-01-01-01-19.wav,RAVDESS,R19,male,fearful,4,0,paper,0,Majority,full
data/RAVDESS/Actor_03/03-01-02-02-02-01-03.wav,RAVDESS,R03,male,neutral,0,0,paper,0,Majority,full
data/RAVDESS/Actor_19/03-01-05-02-02-02-19.wav,RAVDESS,R19,male,angry,3,0,paper,0,Majority,full
data/RAVDESS/Actor_04/03-01-03-01-02-02-04.wav,RAVDESS,R04,female,happy,1,0,paper,0,Majority,full
data/RAVDESS/Actor_19/03-01-03-01-02-02-19.wav,RAVDESS,R19,male,happy,1,0,paper,0,Majority,full
data/RAVDESS/Actor_11/03-01-08-02-01-01-11.wav,RAVDESS,R11,male,surprised,6,0,paper,0,Majority,full
data/RAVDESS/Actor_05/03-01-08-02-01-01-05.wav,RAVDESS,R05,male,surprised,6,0,paper,0,Majority,full
data/RAVDESS/Actor_17/03-01-07-01-01-02-17.wav,RAVDESS,R17,male,disgust,5,0,paper,0,Majority,full
data/RAVDESS/Actor_19/03-01-06-02-02-01-19.wav,RAVDESS,R19,male,fearful,4,0,paper,0,Majority,full
data/RAVDESS/Actor_04/03-01-03-02-01-02-04.wav,RAVDESS,R04,female,happy,1,0,paper,0,Majority,full
data/RAVDESS/Actor_21/03-01-04-01-01-01-21.wav,RAVDESS,R21,male,sad,2,0,paper,0,Majority,full
data/RAVDESS/Actor_01/03-01-02-02-01-01-01.wav,RAVDESS,R01,male,neutral,0,0,paper,0,Majority,full
data/RAVDESS/Actor_23/03-01-05-01-01-02-23.wav,RAVDESS,R23,male,angry,3,0,paper,0,Majority,full
data/RAVDESS/Actor_04/03-01-03-01-02-01-04.wav,RAVDESS,R04,female,happy,1,0,paper,0,Majority,full
data/RAVDESS/Actor_16/03-01-02-01-02-02-16.wav,RAVDESS,R16,female,neutral,0,0,paper,0,Majority,full
data/RAVDESS/Actor_21/03-01-02-02-01-02-21.wav,RAVDESS,R21,male,neutral,0,0,paper,0,Majority,full
data/RAVDESS/Actor_18/03-01-08-01-01-01-18.wav,RAVDESS,R18,female,surprised,6,0,paper,0,Majority,full
data/RAVDESS/Actor_10/03-01-01-01-02-01-10.wav,RAVDESS,R10,female,neutral,0,0,paper,0,Majority,full
data/RAVDESS/Actor_21/03-01-05-01-01-01-21.wav,RAVDESS,R21,male,angry,3,0,paper,0,Majority,full
data/RAVDESS/Actor_05/03-01-07-01-02-02-05.wav,RAVDESS,R05,male,disgust,5,0,paper,0,Majority,full
data/RAVDESS/Actor_11/03-01-08-02-01-02-11.wav,RAVDESS,R11,male,surprised,6,0,paper,0,Majority,full
data/RAVDESS/Actor_18/03-01-08-01-02-02-18.wav,RAVDESS,R18,female,surprised,6,0,paper,0,Majority,full
data/RAVDESS/Actor_06/03-01-07-01-02-01-06.wav,RAVDESS,R06,female,disgust,5,0,paper,0,Majority,full
data/RAVDESS/Actor_03/03-01-04-02-02-02-03.wav,RAVDESS,R03,male,sad,2,0,paper,0,Majority,full
data/RAVDESS/Actor_07/03-01-08-02-02-01-07.wav,RAVDESS,R07,male,surprised,6,0,paper,0,Majority,full
data/RAVDESS/Actor_05/03-01-06-02-02-01-05.wav,RAVDESS,R05,male,fearful,4,0,paper,0,Majority,full
data/RAVDESS/Actor_22/03-01-01-01-01-01-22.wav,RAVDESS,R22,female,neutral,0,0,paper,0,Majority,full
data/RAVDESS/Actor_15/03-01-08-02-02-02-15.wav,RAVDESS,R15,male,surprised,6,0,paper,0,Majority,full
data/RAVDESS/Actor_05/03-01-03-02-01-02-05.wav,RAVDESS,R05,male,happy,1,0,paper,0,Majority,full
data/RAVDESS/Actor_06/03-01-03-02-02-02-06.wav,RAVDESS,R06,female,happy,1,0,paper,0,Majority,full
data/RAVDESS/Actor_12/03-01-05-01-01-02-12.wav,RAVDESS,R12,female,angry,3,0,paper,0,Majority,full
data/RAVDESS/Actor_14/03-01-08-01-02-02-14.wav,RAVDESS,R14,female,surprised,6,0,paper,0,Majority,full
data/RAVDESS/Actor_21/03-01-06-02-02-02-21.wav,RAVDESS,R21,male,fearful,4,0,paper,0,Majority,full
data/RAVDESS/Actor_19/03-01-08-02-02-01-19.wav,RAVDESS,R19,male,surprised,6,0,paper,0,Majority,full
data/RAVDESS/Actor_23/03-01-07-02-02-01-23.wav,RAVDESS,R23,male,disgust,5,0,paper,0,Majority,full
data/RAVDESS/Actor_12/03-01-07-02-02-01-12.wav,RAVDESS,R12,female,disgust,5,0,paper,0,Majority,full
data/RAVDESS/Actor_15/03-01-06-02-02-01-15.wav,RAVDESS,R15,male,fearful,4,0,paper,0,Majority,full
data/RAVDESS/Actor_16/03-01-08-02-02-02-16.wav,RAVDESS,R16,female,surprised,6,0,paper,0,Majority,full
data/RAVDESS/Actor_09/03-01-06-01-02-02-09.wav,RAVDESS,R09,male,fearful,4,0,paper,0,Majority,full
data/RAVDESS/Actor_01/03-01-03-02-01-02-01.wav,RAVDESS,R01,male,happy,1,0,paper,0,Majority,full
data/RAVDESS/Actor_23/03-01-07-02-02-02-23.wav,RAVDESS,R23,male,disgust,5,0,paper,0,Majority,full
data/RAVDESS/Actor_19/03-01-08-01-02-01-19.wav,RAVDESS,R19,male,surprised,6,0,paper,0,Majority,full
data/RAVDESS/Actor_05/03-01-05-01-01-01-05.wav,RAVDESS,R05,male,angry,3,0,paper,0,Majority,full
data/RAVDESS/Actor_08/03-01-02-01-01-02-08.wav,RAVDESS,R08,female,neutral,0,0,paper,0,Majority,full
data/RAVDESS/Actor_17/03-01-04-01-01-02-17.wav,RAVDESS,R17,male,sad,2,0,paper,0,Majority,full
data/RAVDESS/Actor_13/03-01-05-02-01-01-13.wav,RAVDESS,R13,male,angry,3,0,paper,0,Majority,full
data/RAVDESS/Actor_02/03-01-06-02-02-01-02.wav,RAVDESS,R02,female,fearful,4,0,paper,0,Majority,full
data/RAVDESS/Actor_22/03-01-04-01-02-01-22.wav,RAVDESS,R22,female,sad,2,0,paper,0,Majority,full
data/RAVDESS/Actor_23/03-01-07-02-01-01-23.wav,RAVDESS,R23,male,disgust,5,0,paper,0,Majority,full
data/RAVDESS/Actor_16/03-01-02-02-01-01-16.wav,RAVDESS,R16,female,neutral,0,0,paper,0,Majority,full
data/RAVDESS/Actor_01/03-01-05-02-02-02-01.wav,RAVDESS,R01,male,angry,3,0,paper,0,Majority,full
data/RAVDESS/Actor_06/03-01-04-01-02-01-06.wav,RAVDESS,R06,female,sad,2,0,paper,0,Majority,full
data/RAVDESS/Actor_24/03-01-06-02-02-01-24.wav,RAVDESS,R24,female,fearful,4,0,paper,0,Majority,full
data/RAVDESS/Actor_02/03-01-01-01-01-02-02.wav,RAVDESS,R02,female,neutral,0,0,paper,0,Majority,full
data/RAVDESS/Actor_02/03-01-05-02-02-02-02.wav,RAVDESS,R02,female,angry,3,0,paper,0,Majority,full
data/RAVDESS/Actor_01/03-01-08-02-02-01-01.wav,RAVDESS,R01,male,surprised,6,0,paper,0,Majority,full
data/RAVDESS/Actor_23/03-01-04-01-01-01-23.wav,RAVDESS,R23,male,sad,2,0,paper,0,Majority,full
data/RAVDESS/Actor_14/03-01-06-02-01-01-14.wav,RAVDESS,R14,female,fearful,4,0,paper,0,Majority,full
data/RAVDESS/Actor_02/03-01-04-01-02-02-02.wav,RAVDESS,R02,female,sad,2,0,paper,0,Majority,full
data/RAVDESS/Actor_02/03-01-02-02-01-02-02.wav,RAVDESS,R02,female,neutral,0,0,paper,0,Majority,full
data/RAVDESS/Actor_04/03-01-08-02-01-01-04.wav,RAVDESS,R04,female,surprised,6,0,paper,0,Majority,full
data/RAVDESS/Actor_18/03-01-08-02-01-02-18.wav,RAVDESS,R18,female,surprised,6,0,paper,0,Majority,full
data/RAVDESS/Actor_04/03-01-07-01-02-01-04.wav,RAVDESS,R04,female,disgust,5,0,paper,0,Majority,full
data/RAVDESS/Actor_01/03-01-06-01-02-01-01.wav,RAVDESS,R01,male,fearful,4,0,paper,0,Majority,full
data/RAVDESS/Actor_21/03-01-06-02-02-01-21.wav,RAVDESS,R21,male,fearful,4,0,paper,0,Majority,full
data/RAVDESS/Actor_18/03-01-03-02-01-02-18.wav,RAVDESS,R18,female,happy,1,0,paper,0,Majority,full
data/RAVDESS/Actor_09/03-01-07-01-01-02-09.wav,RAVDESS,R09,male,disgust,5,0,paper,0,Majority,full
data/RAVDESS/Actor_06/03-01-06-01-01-02-06.wav,RAVDESS,R06,female,fearful,4,0,paper,0,Majority,full
data/RAVDESS/Actor_15/03-01-03-02-02-01-15.wav,RAVDESS,R15,male,happy,1,0,paper,0,Majority,full
data/RAVDESS/Actor_15/03-01-07-02-01-02-15.wav,RAVDESS,R15,male,disgust,5,0,paper,0,Majority,full
data/RAVDESS/Actor_01/03-01-02-01-02-02-01.wav,RAVDESS,R01,male,neutral,0,0,paper,0,Majority,full
data/RAVDESS/Actor_04/03-01-07-01-01-02-04.wav,RAVDESS,R04,female,disgust,5,0,paper,0,Majority,full
data/RAVDESS/Actor_03/03-01-08-02-02-02-03.wav,RAVDESS,R03,male,surprised,6,0,paper,0,Majority,full
data/RAVDESS/Actor_24/03-01-08-02-01-01-24.wav,RAVDESS,R24,female,surprised,6,0,paper,0,Majority,full
data/RAVDESS/Actor_11/03-01-08-01-01-02-11.wav,RAVDESS,R11,male,surprised,6,0,paper,0,Majority,full
data/RAVDESS/Actor_11/03-01-02-02-02-01-11.wav,RAVDESS,R11,male,neutral,0,0,paper,0,Majority,full
data/RAVDESS/Actor_12/03-01-04-02-01-01-12.wav,RAVDESS,R12,female,sad,2,0,paper,0,Majority,full
data/RAVDESS/Actor_02/03-01-07-01-01-02-02.wav,RAVDESS,R02,female,disgust,5,0,paper,0,Majority,full
data/RAVDESS/Actor_15/03-01-06-01-02-01-15.wav,RAVDESS,R15,male,fearful,4,0,paper,0,Majority,full
data/RAVDESS/Actor_21/03-01-04-01-02-01-21.wav,RAVDESS,R21,male,sad,2,0,paper,0,Majority,full
data/RAVDESS/Actor_04/03-01-06-01-02-02-04.wav,RAVDESS,R04,female,fearful,4,0,paper,0,Majority,full
data/RAVDESS/Actor_02/03-01-02-02-01-01-02.wav,RAVDESS,R02,female,neutral,0,0,paper,0,Majority,full
data/RAVDESS/Actor_19/03-01-04-02-02-02-19.wav,RAVDESS,R19,male,sad,2,0,paper,0,Majority,full
data/RAVDESS/Actor_16/03-01-07-01-02-01-16.wav,RAVDESS,R16,female,disgust,5,0,paper,0,Majority,full
data/RAVDESS/Actor_11/03-01-06-01-02-01-11.wav,RAVDESS,R11,male,fearful,4,0,paper,0,Majority,full
data/RAVDESS/Actor_20/03-01-07-01-02-01-20.wav,RAVDESS,R20,female,disgust,5,0,paper,0,Majority,full
data/RAVDESS/Actor_21/03-01-01-01-01-02-21.wav,RAVDESS,R21,male,neutral,0,0,paper,0,SVM,full
data/RAVDESS/Actor_08/03-01-06-02-02-02-08.wav,RAVDESS,R08,female,fearful,4,4,paper,0,SVM,full
data/RAVDESS/Actor_15/03-01-06-01-01-01-15.wav,RAVDESS,R15,male,fearful,4,2,paper,0,SVM,full
data/RAVDESS/Actor_15/03-01-05-02-02-01-15.wav,RAVDESS,R15,male,angry,3,4,paper,0,SVM,full
data/RAVDESS/Actor_05/03-01-02-02-02-01-05.wav,RAVDESS,R05,male,neutral,0,0,paper,0,SVM,full
data/RAVDESS/Actor_09/03-01-02-02-01-02-09.wav,RAVDESS,R09,male,neutral,0,0,paper,0,SVM,full
data/RAVDESS/Actor_15/03-01-07-01-02-01-15.wav,RAVDESS,R15,male,disgust,5,0,paper,0,SVM,full
data/RAVDESS/Actor_14/03-01-06-02-02-01-14.wav,RAVDESS,R14,female,fearful,4,4,paper,0,SVM,full
data/RAVDESS/Actor_09/03-01-02-01-02-01-09.wav,RAVDESS,R09,male,neutral,0,0,paper,0,SVM,full
data/RAVDESS/Actor_07/03-01-02-02-01-01-07.wav,RAVDESS,R07,male,neutral,0,0,paper,0,SVM,full
data/RAVDESS/Actor_10/03-01-04-02-02-02-10.wav,RAVDESS,R10,female,sad,2,2,paper,0,SVM,full
data/RAVDESS/Actor_06/03-01-07-02-02-01-06.wav,RAVDESS,R06,female,disgust,5,5,paper,0,SVM,full
data/RAVDESS/Actor_21/03-01-01-01-02-02-21.wav,RAVDESS,R21,male,neutral,0,0,paper,0,SVM,full
data/RAVDESS/Actor_06/03-01-05-02-01-02-06.wav,RAVDESS,R06,female,angry,3,3,paper,0,SVM,full
data/RAVDESS/Actor_01/03-01-04-01-01-02-01.wav,RAVDESS,R01,male,sad,2,2,paper,0,SVM,full
data/RAVDESS/Actor_15/03-01-05-02-01-02-15.wav,RAVDESS,R15,male,angry,3,3,paper,0,SVM,full
data/RAVDESS/Actor_02/03-01-08-01-02-01-02.wav,RAVDESS,R02,female,surprised,6,6,paper,0,SVM,full
data/RAVDESS/Actor_20/03-01-04-02-02-02-20.wav,RAVDESS,R20,female,sad,2,2,paper,0,SVM,full
data/RAVDESS/Actor_12/03-01-01-01-02-01-12.wav,RAVDESS,R12,female,neutral,0,2,paper,0,SVM,full
data/RAVDESS/Actor_17/03-01-05-02-02-02-17.wav,RAVDESS,R17,male,angry,3,3,paper,0,SVM,full
data/RAVDESS/Actor_11/03-01-05-01-01-02-11.wav,RAVDESS,R11,male,angry,3,5,paper,0,SVM,full
data/RAVDESS/Actor_17/03-01-03-02-02-02-17.wav,RAVDESS,R17,male,happy,1,6,paper,0,SVM,full
data/RAVDESS/Actor_24/03-01-03-01-02-01-24.wav,RAVDESS,R24,female,happy,1,0,paper,0,SVM,full
data/RAVDESS/Actor_16/03-01-04-01-02-02-16.wav,RAVDESS,R16,female,sad,2,0,paper,0,SVM,full
data/RAVDESS/Actor_16/03-01-05-01-01-02-16.wav,RAVDESS,R16,female,angry,3,3,paper,0,SVM,full
data/RAVDESS/Actor_13/03-01-02-01-02-02-13.wav,RAVDESS,R13,male,neutral,0,0,paper,0,SVM,full
data/RAVDESS/Actor_08/03-01-01-01-02-02-08.wav,RAVDESS,R08,female,neutral,0,0,paper,0,SVM,full
data/RAVDESS/Actor_02/03-01-07-01-02-01-02.wav,RAVDESS,R02,female,disgust,5,5,paper,0,SVM,full
data/RAVDESS/Actor_03/03-01-03-01-01-01-03.wav,RAVDESS,R03,male,happy,1,1,paper,0,SVM,full
data/RAVDESS/Actor_07/03-01-05-02-02-02-07.wav,RAVDESS,R07,male,angry,3,3,paper,0,SVM,full
data/RAVDESS/Actor_05/03-01-03-01-02-01-05.wav,RAVDESS,R05,male,happy,1,0,paper,0,SVM,full
data/RAVDESS/Actor_22/03-01-02-01-01-02-22.wav,RAVDESS,R22,female,neutral,0,0,paper,0,SVM,full
data/RAVDESS/Actor_09/03-01-02-01-02-02-09.wav,RAVDESS,R09,male,neutral,0,0,paper,0,SVM,full
data/RAVDESS/Actor_17/03-01-03-02-02-01-17.wav,RAVDESS,R17,male,happy,1,1,paper,0,SVM,full
data/RAVDESS/Actor_14/03-01-02-02-02-01-14.wav,RAVDESS,R14,female,neutral,0,0,paper,0,SVM,full
data/RAVDESS/Actor_22/03-01-06-01-01-02-22.wav,RAVDESS,R22,female,fearful,4,4,paper,0,SVM,full
data/RAVDESS/Actor_08/03-01-02-01-02-02-08.wav,RAVDESS,R08,female,neutral,0,2,paper,0,SVM,full
data/RAVDESS/Actor_09/03-01-05-01-01-01-09.wav,RAVDESS,R09,male,angry,3,5,paper,0,SVM,full
data/RAVDESS/Actor_15/03-01-03-02-01-01-15.wav,RAVDESS,R15,male,happy,1,4,paper,0,SVM,full
data/RAVDESS/Actor_09/03-01-04-01-02-01-09.wav,RAVDESS,R09,male,sad,2,5,paper,0,SVM,full
data/RAVDESS/Actor_22/03-01-04-02-01-02-22.wav,RAVDESS,R22,female,sad,2,2,paper,0,SVM,full
data/RAVDESS/Actor_06/03-01-04-02-01-02-06.wav,RAVDESS,R06,female,sad,2,2,paper,0,SVM,full
data/RAVDESS/Actor_16/03-01-02-02-02-02-16.wav,RAVDESS,R16,female,neutral,0,0,paper,0,SVM,full
data/RAVDESS/Actor_20/03-01-07-02-01-01-20.wav,RAVDESS,R20,female,disgust,5,6,paper,0,SVM,full
data/RAVDESS/Actor_14/03-01-02-01-01-01-14.wav,RAVDESS,R14,female,neutral,0,0,paper,0,SVM,full
data/RAVDESS/Actor_05/03-01-08-01-02-02-05.wav,RAVDESS,R05,male,surprised,6,1,paper,0,SVM,full
data/RAVDESS/Actor_20/03-01-05-01-01-01-20.wav,RAVDESS,R20,female,angry,3,0,paper,0,SVM,full
data/RAVDESS/Actor_12/03-01-05-01-02-02-12.wav,RAVDESS,R12,female,angry,3,5,paper,0,SVM,full
data/RAVDESS/Actor_22/03-01-03-01-02-02-22.wav,RAVDESS,R22,female,happy,1,1,paper,0,SVM,full
data/RAVDESS/Actor_03/03-01-03-02-01-01-03.wav,RAVDESS,R03,male,happy,1,1,paper,0,SVM,full
data/RAVDESS/Actor_09/03-01-04-02-01-01-09.wav,RAVDESS,R09,male,sad,2,2,paper,0,SVM,full
data/RAVDESS/Actor_05/03-01-01-01-01-01-05.wav,RAVDESS,R05,male,neutral,0,0,paper,0,SVM,full
data/RAVDESS/Actor_01/03-01-06-02-02-02-01.wav,RAVDESS,R01,male,fearful,4,1,paper,0,SVM,full
data/RAVDESS/Actor_24/03-01-03-02-01-01-24.wav,RAVDESS,R24,female,happy,1,1,paper,0,SVM,full
data/RAVDESS/Actor_05/03-01-07-01-01-01-05.wav,RAVDESS,R05,male,disgust,5,5,paper,0,SVM,full
data/RAVDESS/Actor_17/03-01-05-02-01-02-17.wav,RAVDESS,R17,male,angry,3,3,paper,0,SVM,full
data/RAVDESS/Actor_13/03-01-03-01-01-01-13.wav,RAVDESS,R13,male,happy,1,1,paper,0,SVM,full
data/RAVDESS/Actor_01/03-01-04-01-02-02-01.wav,RAVDESS,R01,male,sad,2,2,paper,0,SVM,full
data/RAVDESS/Actor_19/03-01-06-01-01-01-19.wav,RAVDESS,R19,male,fearful,4,1,paper,0,SVM,full
data/RAVDESS/Actor_03/03-01-02-02-02-01-03.wav,RAVDESS,R03,male,neutral,0,0,paper,0,SVM,full
data/RAVDESS/Actor_19/03-01-05-02-02-02-19.wav,RAVDESS,R19,male,angry,3,3,paper,0,SVM,full
data/RAVDESS/Actor_04/03-01-03-01-02-02-04.wav,RAVDESS,R04,female,happy,1,1,paper,0,SVM,full
data/RAVDESS/Actor_19/03-01-03-01-02-02-19.wav,RAVDESS,R19,male,happy,1,1,paper,0,SVM,full
data/RAVDESS/Actor_11/03-01-08-02-01-01-11.wav,RAVDESS,R11,male,surprised,6,6,paper,0,SVM,full
data/RAVDESS/Actor_05/03-01-08-02-01-01-05.wav,RAVDESS,R05,male,surprised,6,6,paper,0,SVM,full
data/RAVDESS/Actor_17/03-01-07-01-01-02-17.wav,RAVDESS,R17,male,disgust,5,5,paper,0,SVM,full
data/RAVDESS/Actor_19/03-01-06-02-02-01-19.wav,RAVDESS,R19,male,fearful,4,4,paper,0,SVM,full
data/RAVDESS/Actor_04/03-01-03-02-01-02-04.wav,RAVDESS,R04,female,happy,1,1,paper,0,SVM,full
data/RAVDESS/Actor_21/03-01-04-01-01-01-21.wav,RAVDESS,R21,male,sad,2,2,paper,0,SVM,full
data/RAVDESS/Actor_01/03-01-02-02-01-01-01.wav,RAVDESS,R01,male,neutral,0,0,paper,0,SVM,full
data/RAVDESS/Actor_23/03-01-05-01-01-02-23.wav,RAVDESS,R23,male,angry,3,3,paper,0,SVM,full
data/RAVDESS/Actor_04/03-01-03-01-02-01-04.wav,RAVDESS,R04,female,happy,1,3,paper,0,SVM,full
data/RAVDESS/Actor_16/03-01-02-01-02-02-16.wav,RAVDESS,R16,female,neutral,0,0,paper,0,SVM,full
data/RAVDESS/Actor_21/03-01-02-02-01-02-21.wav,RAVDESS,R21,male,neutral,0,0,paper,0,SVM,full
data/RAVDESS/Actor_18/03-01-08-01-01-01-18.wav,RAVDESS,R18,female,surprised,6,6,paper,0,SVM,full
data/RAVDESS/Actor_10/03-01-01-01-02-01-10.wav,RAVDESS,R10,female,neutral,0,0,paper,0,SVM,full
data/RAVDESS/Actor_21/03-01-05-01-01-01-21.wav,RAVDESS,R21,male,angry,3,3,paper,0,SVM,full
data/RAVDESS/Actor_05/03-01-07-01-02-02-05.wav,RAVDESS,R05,male,disgust,5,5,paper,0,SVM,full
data/RAVDESS/Actor_11/03-01-08-02-01-02-11.wav,RAVDESS,R11,male,surprised,6,6,paper,0,SVM,full
data/RAVDESS/Actor_18/03-01-08-01-02-02-18.wav,RAVDESS,R18,female,surprised,6,6,paper,0,SVM,full
data/RAVDESS/Actor_06/03-01-07-01-02-01-06.wav,RAVDESS,R06,female,disgust,5,0,paper,0,SVM,full
data/RAVDESS/Actor_03/03-01-04-02-02-02-03.wav,RAVDESS,R03,male,sad,2,1,paper,0,SVM,full
data/RAVDESS/Actor_07/03-01-08-02-02-01-07.wav,RAVDESS,R07,male,surprised,6,6,paper,0,SVM,full
data/RAVDESS/Actor_05/03-01-06-02-02-01-05.wav,RAVDESS,R05,male,fearful,4,1,paper,0,SVM,full
data/RAVDESS/Actor_22/03-01-01-01-01-01-22.wav,RAVDESS,R22,female,neutral,0,0,paper,0,SVM,full
data/RAVDESS/Actor_15/03-01-08-02-02-02-15.wav,RAVDESS,R15,male,surprised,6,6,paper,0,SVM,full
data/RAVDESS/Actor_05/03-01-03-02-01-02-05.wav,RAVDESS,R05,male,happy,1,1,paper,0,SVM,full
data/RAVDESS/Actor_06/03-01-03-02-02-02-06.wav,RAVDESS,R06,female,happy,1,1,paper,0,SVM,full
data/RAVDESS/Actor_12/03-01-05-01-01-02-12.wav,RAVDESS,R12,female,angry,3,3,paper,0,SVM,full
data/RAVDESS/Actor_14/03-01-08-01-02-02-14.wav,RAVDESS,R14,female,surprised,6,6,paper,0,SVM,full
data/RAVDESS/Actor_21/03-01-06-02-02-02-21.wav,RAVDESS,R21,male,fearful,4,4,paper,0,SVM,full
data/RAVDESS/Actor_19/03-01-08-02-02-01-19.wav,RAVDESS,R19,male,surprised,6,6,paper,0,SVM,full
data/RAVDESS/Actor_23/03-01-07-02-02-01-23.wav,RAVDESS,R23,male,disgust,5,5,paper,0,SVM,full
data/RAVDESS/Actor_12/03-01-07-02-02-01-12.wav,RAVDESS,R12,female,disgust,5,5,paper,0,SVM,full
data/RAVDESS/Actor_15/03-01-06-02-02-01-15.wav,RAVDESS,R15,male,fearful,4,4,paper,0,SVM,full
data/RAVDESS/Actor_16/03-01-08-02-02-02-16.wav,RAVDESS,R16,female,surprised,6,6,paper,0,SVM,full
data/RAVDESS/Actor_09/03-01-06-01-02-02-09.wav,RAVDESS,R09,male,fearful,4,4,paper,0,SVM,full
data/RAVDESS/Actor_01/03-01-03-02-01-02-01.wav,RAVDESS,R01,male,happy,1,1,paper,0,SVM,full
data/RAVDESS/Actor_23/03-01-07-02-02-02-23.wav,RAVDESS,R23,male,disgust,5,6,paper,0,SVM,full
data/RAVDESS/Actor_19/03-01-08-01-02-01-19.wav,RAVDESS,R19,male,surprised,6,5,paper,0,SVM,full
data/RAVDESS/Actor_05/03-01-05-01-01-01-05.wav,RAVDESS,R05,male,angry,3,3,paper,0,SVM,full
data/RAVDESS/Actor_08/03-01-02-01-01-02-08.wav,RAVDESS,R08,female,neutral,0,2,paper,0,SVM,full
data/RAVDESS/Actor_17/03-01-04-01-01-02-17.wav,RAVDESS,R17,male,sad,2,2,paper,0,SVM,full
data/RAVDESS/Actor_13/03-01-05-02-01-01-13.wav,RAVDESS,R13,male,angry,3,3,paper,0,SVM,full
data/RAVDESS/Actor_02/03-01-06-02-02-01-02.wav,RAVDESS,R02,female,fearful,4,4,paper,0,SVM,full
data/RAVDESS/Actor_22/03-01-04-01-02-01-22.wav,RAVDESS,R22,female,sad,2,2,paper,0,SVM,full
data/RAVDESS/Actor_23/03-01-07-02-01-01-23.wav,RAVDESS,R23,male,disgust,5,5,paper,0,SVM,full
data/RAVDESS/Actor_16/03-01-02-02-01-01-16.wav,RAVDESS,R16,female,neutral,0,0,paper,0,SVM,full
data/RAVDESS/Actor_01/03-01-05-02-02-02-01.wav,RAVDESS,R01,male,angry,3,3,paper,0,SVM,full
data/RAVDESS/Actor_06/03-01-04-01-02-01-06.wav,RAVDESS,R06,female,sad,2,0,paper,0,SVM,full
data/RAVDESS/Actor_24/03-01-06-02-02-01-24.wav,RAVDESS,R24,female,fearful,4,4,paper,0,SVM,full
data/RAVDESS/Actor_02/03-01-01-01-01-02-02.wav,RAVDESS,R02,female,neutral,0,0,paper,0,SVM,full
data/RAVDESS/Actor_02/03-01-05-02-02-02-02.wav,RAVDESS,R02,female,angry,3,3,paper,0,SVM,full
data/RAVDESS/Actor_01/03-01-08-02-02-01-01.wav,RAVDESS,R01,male,surprised,6,6,paper,0,SVM,full
data/RAVDESS/Actor_23/03-01-04-01-01-01-23.wav,RAVDESS,R23,male,sad,2,0,paper,0,SVM,full
data/RAVDESS/Actor_14/03-01-06-02-01-01-14.wav,RAVDESS,R14,female,fearful,4,4,paper,0,SVM,full
data/RAVDESS/Actor_02/03-01-04-01-02-02-02.wav,RAVDESS,R02,female,sad,2,2,paper,0,SVM,full
data/RAVDESS/Actor_02/03-01-02-02-01-02-02.wav,RAVDESS,R02,female,neutral,0,0,paper,0,SVM,full
data/RAVDESS/Actor_04/03-01-08-02-01-01-04.wav,RAVDESS,R04,female,surprised,6,3,paper,0,SVM,full
data/RAVDESS/Actor_18/03-01-08-02-01-02-18.wav,RAVDESS,R18,female,surprised,6,6,paper,0,SVM,full
data/RAVDESS/Actor_04/03-01-07-01-02-01-04.wav,RAVDESS,R04,female,disgust,5,5,paper,0,SVM,full
data/RAVDESS/Actor_01/03-01-06-01-02-01-01.wav,RAVDESS,R01,male,fearful,4,0,paper,0,SVM,full
data/RAVDESS/Actor_21/03-01-06-02-02-01-21.wav,RAVDESS,R21,male,fearful,4,4,paper,0,SVM,full
data/RAVDESS/Actor_18/03-01-03-02-01-02-18.wav,RAVDESS,R18,female,happy,1,1,paper,0,SVM,full
data/RAVDESS/Actor_09/03-01-07-01-01-02-09.wav,RAVDESS,R09,male,disgust,5,5,paper,0,SVM,full
data/RAVDESS/Actor_06/03-01-06-01-01-02-06.wav,RAVDESS,R06,female,fearful,4,4,paper,0,SVM,full
data/RAVDESS/Actor_15/03-01-03-02-02-01-15.wav,RAVDESS,R15,male,happy,1,1,paper,0,SVM,full
data/RAVDESS/Actor_15/03-01-07-02-01-02-15.wav,RAVDESS,R15,male,disgust,5,5,paper,0,SVM,full
data/RAVDESS/Actor_01/03-01-02-01-02-02-01.wav,RAVDESS,R01,male,neutral,0,0,paper,0,SVM,full
data/RAVDESS/Actor_04/03-01-07-01-01-02-04.wav,RAVDESS,R04,female,disgust,5,6,paper,0,SVM,full
data/RAVDESS/Actor_03/03-01-08-02-02-02-03.wav,RAVDESS,R03,male,surprised,6,6,paper,0,SVM,full
data/RAVDESS/Actor_24/03-01-08-02-01-01-24.wav,RAVDESS,R24,female,surprised,6,6,paper,0,SVM,full
data/RAVDESS/Actor_11/03-01-08-01-01-02-11.wav,RAVDESS,R11,male,surprised,6,6,paper,0,SVM,full
data/RAVDESS/Actor_11/03-01-02-02-02-01-11.wav,RAVDESS,R11,male,neutral,0,0,paper,0,SVM,full
data/RAVDESS/Actor_12/03-01-04-02-01-01-12.wav,RAVDESS,R12,female,sad,2,4,paper,0,SVM,full
data/RAVDESS/Actor_02/03-01-07-01-01-02-02.wav,RAVDESS,R02,female,disgust,5,5,paper,0,SVM,full
data/RAVDESS/Actor_15/03-01-06-01-02-01-15.wav,RAVDESS,R15,male,fearful,4,4,paper,0,SVM,full
data/RAVDESS/Actor_21/03-01-04-01-02-01-21.wav,RAVDESS,R21,male,sad,2,0,paper,0,SVM,full
data/RAVDESS/Actor_04/03-01-06-01-02-02-04.wav,RAVDESS,R04,female,fearful,4,4,paper,0,SVM,full
data/RAVDESS/Actor_02/03-01-02-02-01-01-02.wav,RAVDESS,R02,female,neutral,0,0,paper,0,SVM,full
data/RAVDESS/Actor_19/03-01-04-02-02-02-19.wav,RAVDESS,R19,male,sad,2,2,paper,0,SVM,full
data/RAVDESS/Actor_16/03-01-07-01-02-01-16.wav,RAVDESS,R16,female,disgust,5,5,paper,0,SVM,full
data/RAVDESS/Actor_11/03-01-06-01-02-01-11.wav,RAVDESS,R11,male,fearful,4,4,paper,0,SVM,full
data/RAVDESS/Actor_20/03-01-07-01-02-01-20.wav,RAVDESS,R20,female,disgust,5,5,paper,0,SVM,full
data/RAVDESS/Actor_21/03-01-01-01-01-02-21.wav,RAVDESS,R21,male,neutral,0,0,paper,0,RandomForest,full
data/RAVDESS/Actor_08/03-01-06-02-02-02-08.wav,RAVDESS,R08,female,fearful,4,4,paper,0,RandomForest,full
data/RAVDESS/Actor_15/03-01-06-01-01-01-15.wav,RAVDESS,R15,male,fearful,4,2,paper,0,RandomForest,full
data/RAVDESS/Actor_15/03-01-05-02-02-01-15.wav,RAVDESS,R15,male,angry,3,6,paper,0,RandomForest,full
data/RAVDESS/Actor_05/03-01-02-02-02-01-05.wav,RAVDESS,R05,male,neutral,0,0,paper,0,RandomForest,full
data/RAVDESS/Actor_09/03-01-02-02-01-02-09.wav,RAVDESS,R09,male,neutral,0,0,paper,0,RandomForest,full
data/RAVDESS/Actor_15/03-01-07-01-02-01-15.wav,RAVDESS,R15,male,disgust,5,5,paper,0,RandomForest,full
data/RAVDESS/Actor_14/03-01-06-02-02-01-14.wav,RAVDESS,R14,female,fearful,4,4,paper,0,RandomForest,full
data/RAVDESS/Actor_09/03-01-02-01-02-01-09.wav,RAVDESS,R09,male,neutral,0,0,paper,0,RandomForest,full
data/RAVDESS/Actor_07/03-01-02-02-01-01-07.wav,RAVDESS,R07,male,neutral,0,0,paper,0,RandomForest,full
data/RAVDESS/Actor_10/03-01-04-02-02-02-10.wav,RAVDESS,R10,female,sad,2,2,paper,0,RandomForest,full
data/RAVDESS/Actor_06/03-01-07-02-02-01-06.wav,RAVDESS,R06,female,disgust,5,5,paper,0,RandomForest,full
data/RAVDESS/Actor_21/03-01-01-01-02-02-21.wav,RAVDESS,R21,male,neutral,0,0,paper,0,RandomForest,full
data/RAVDESS/Actor_06/03-01-05-02-01-02-06.wav,RAVDESS,R06,female,angry,3,3,paper,0,RandomForest,full
data/RAVDESS/Actor_01/03-01-04-01-01-02-01.wav,RAVDESS,R01,male,sad,2,0,paper,0,RandomForest,full
data/RAVDESS/Actor_15/03-01-05-02-01-02-15.wav,RAVDESS,R15,male,angry,3,3,paper,0,RandomForest,full
data/RAVDESS/Actor_02/03-01-08-01-02-01-02.wav,RAVDESS,R02,female,surprised,6,6,paper,0,RandomForest,full
data/RAVDESS/Actor_20/03-01-04-02-02-02-20.wav,RAVDESS,R20,female,sad,2,2,paper,0,RandomForest,full
data/RAVDESS/Actor_12/03-01-01-01-02-01-12.wav,RAVDESS,R12,female,neutral,0,0,paper,0,RandomForest,full
data/RAVDESS/Actor_17/03-01-05-02-02-02-17.wav,RAVDESS,R17,male,angry,3,3,paper,0,RandomForest,full
data/RAVDESS/Actor_11/03-01-05-01-01-02-11.wav,RAVDESS,R11,male,angry,3,5,paper,0,RandomForest,full
data/RAVDESS/Actor_17/03-01-03-02-02-02-17.wav,RAVDESS,R17,male,happy,1,1,paper,0,RandomForest,full
data/RAVDESS/Actor_24/03-01-03-01-02-01-24.wav,RAVDESS,R24,female,happy,1,2,paper,0,RandomForest,full
data/RAVDESS/Actor_16/03-01-04-01-02-02-16.wav,RAVDESS,R16,female,sad,2,0,paper,0,RandomForest,full
data/RAVDESS/Actor_16/03-01-05-01-01-02-16.wav,RAVDESS,R16,female,angry,3,3,paper,0,RandomForest,full
data/RAVDESS/Actor_13/03-01-02-01-02-02-13.wav,RAVDESS,R13,male,neutral,0,0,paper,0,RandomForest,full
data/RAVDESS/Actor_08/03-01-01-01-02-02-08.wav,RAVDESS,R08,female,neutral,0,0,paper,0,RandomForest,full
data/RAVDESS/Actor_02/03-01-07-01-02-01-02.wav,RAVDESS,R02,female,disgust,5,5,paper,0,RandomForest,full
data/RAVDESS/Actor_03/03-01-03-01-01-01-03.wav,RAVDESS,R03,male,happy,1,1,paper,0,RandomForest,full
data/RAVDESS/Actor_07/03-01-05-02-02-02-07.wav,RAVDESS,R07,male,angry,3,3,paper,0,RandomForest,full
data/RAVDESS/Actor_05/03-01-03-01-02-01-05.wav,RAVDESS,R05,male,happy,1,0,paper,0,RandomForest,full
data/RAVDESS/Actor_22/03-01-02-01-01-02-22.wav,RAVDESS,R22,female,neutral,0,0,paper,0,RandomForest,full
data/RAVDESS/Actor_09/03-01-02-01-02-02-09.wav,RAVDESS,R09,male,neutral,0,0,paper,0,RandomForest,full
data/RAVDESS/Actor_17/03-01-03-02-02-01-17.wav,RAVDESS,R17,male,happy,1,1,paper,0,RandomForest,full
data/RAVDESS/Actor_14/03-01-02-02-02-01-14.wav,RAVDESS,R14,female,neutral,0,0,paper,0,RandomForest,full
data/RAVDESS/Actor_22/03-01-06-01-01-02-22.wav,RAVDESS,R22,female,fearful,4,4,paper,0,RandomForest,full
data/RAVDESS/Actor_08/03-01-02-01-02-02-08.wav,RAVDESS,R08,female,neutral,0,2,paper,0,RandomForest,full
data/RAVDESS/Actor_09/03-01-05-01-01-01-09.wav,RAVDESS,R09,male,angry,3,0,paper,0,RandomForest,full
data/RAVDESS/Actor_15/03-01-03-02-01-01-15.wav,RAVDESS,R15,male,happy,1,4,paper,0,RandomForest,full
data/RAVDESS/Actor_09/03-01-04-01-02-01-09.wav,RAVDESS,R09,male,sad,2,0,paper,0,RandomForest,full
data/RAVDESS/Actor_22/03-01-04-02-01-02-22.wav,RAVDESS,R22,female,sad,2,4,paper,0,RandomForest,full
data/RAVDESS/Actor_06/03-01-04-02-01-02-06.wav,RAVDESS,R06,female,sad,2,2,paper,0,RandomForest,full
data/RAVDESS/Actor_16/03-01-02-02-02-02-16.wav,RAVDESS,R16,female,neutral,0,0,paper,0,RandomForest,full
data/RAVDESS/Actor_20/03-01-07-02-01-01-20.wav,RAVDESS,R20,female,disgust,5,6,paper,0,RandomForest,full
data/RAVDESS/Actor_14/03-01-02-01-01-01-14.wav,RAVDESS,R14,female,neutral,0,0,paper,0,RandomForest,full
data/RAVDESS/Actor_05/03-01-08-01-02-02-05.wav,RAVDESS,R05,male,surprised,6,6,paper,0,RandomForest,full
data/RAVDESS/Actor_20/03-01-05-01-01-01-20.wav,RAVDESS,R20,female,angry,3,0,paper,0,RandomForest,full
data/RAVDESS/Actor_12/03-01-05-01-02-02-12.wav,RAVDESS,R12,female,angry,3,5,paper,0,RandomForest,full
data/RAVDESS/Actor_22/03-01-03-01-02-02-22.wav,RAVDESS,R22,female,happy,1,1,paper,0,RandomForest,full
data/RAVDESS/Actor_03/03-01-03-02-01-01-03.wav,RAVDESS,R03,male,happy,1,3,paper,0,RandomForest,full
data/RAVDESS/Actor_09/03-01-04-02-01-01-09.wav,RAVDESS,R09,male,sad,2,2,paper,0,RandomForest,full
data/RAVDESS/Actor_05/03-01-01-01-01-01-05.wav,RAVDESS,R05,male,neutral,0,0,paper,0,RandomForest,full
data/RAVDESS/Actor_01/03-01-06-02-02-02-01.wav,RAVDESS,R01,male,fearful,4,3,paper,0,RandomForest,full
data/RAVDESS/Actor_24/03-01-03-02-01-01-24.wav,RAVDESS,R24,female,happy,1,1,paper,0,RandomForest,full
data/RAVDESS/Actor_05/03-01-07-01-01-01-05.wav,RAVDESS,R05,male,disgust,5,0,paper,0,RandomForest,full
data/RAVDESS/Actor_17/03-01-05-02-01-02-17.wav,RAVDESS,R17,male,angry,3,3,paper,0,RandomForest,full
data/RAVDESS/Actor_13/03-01-03-01-01-01-13.wav,RAVDESS,R13,male,happy,1,1,paper,0,RandomForest,full
data/RAVDESS/Actor_01/03-01-04-01-02-02-01.wav,RAVDESS,R01,male,sad,2,0,paper,0,RandomForest,full
data/RAVDESS/Actor_19/03-01-06-01-01-01-19.wav,RAVDESS,R19,male,fearful,4,1,paper,0,RandomForest,full
data/RAVDESS/Actor_03/03-01-02-02-02-01-03.wav,RAVDESS,R03,male,neutral,0,0,paper,0,RandomForest,full
data/RAVDESS/Actor_19/03-01-05-02-02-02-19.wav,RAVDESS,R19,male,angry,3,3,paper,0,RandomForest,full
data/RAVDESS/Actor_04/03-01-03-01-02-02-04.wav,RAVDESS,R04,female,happy,1,1,paper,0,RandomForest,full
data/RAVDESS/Actor_19/03-01-03-01-02-02-19.wav,RAVDESS,R19,male,happy,1,1,paper,0,RandomForest,full
data/RAVDESS/Actor_11/03-01-08-02-01-01-11.wav,RAVDESS,R11,male,surprised,6,6,paper,0,RandomForest,full
data/RAVDESS/Actor_05/03-01-08-02-01-01-05.wav,RAVDESS,R05,male,surprised,6,6,paper,0,RandomForest,full
data/RAVDESS/Actor_17/03-01-07-01-01-02-17.wav,RAVDESS,R17,male,disgust,5,0,paper,0,RandomForest,full
data/RAVDESS/Actor_19/03-01-06-02-02-01-19.wav,RAVDESS,R19,male,fearful,4,4,paper,0,RandomForest,full
data/RAVDESS/Actor_04/03-01-03-02-01-02-04.wav,RAVDESS,R04,female,happy,1,1,paper,0,RandomForest,full
data/RAVDESS/Actor_21/03-01-04-01-01-01-21.wav,RAVDESS,R21,male,sad,2,0,paper,0,RandomForest,full
data/RAVDESS/Actor_01/03-01-02-02-01-01-01.wav,RAVDESS,R01,male,neutral,0,0,paper,0,RandomForest,full
data/RAVDESS/Actor_23/03-01-05-01-01-02-23.wav,RAVDESS,R23,male,angry,3,3,paper,0,RandomForest,full
data/RAVDESS/Actor_04/03-01-03-01-02-01-04.wav,RAVDESS,R04,female,happy,1,1,paper,0,RandomForest,full
data/RAVDESS/Actor_16/03-01-02-01-02-02-16.wav,RAVDESS,R16,female,neutral,0,0,paper,0,RandomForest,full
data/RAVDESS/Actor_21/03-01-02-02-01-02-21.wav,RAVDESS,R21,male,neutral,0,0,paper,0,RandomForest,full
data/RAVDESS/Actor_18/03-01-08-01-01-01-18.wav,RAVDESS,R18,female,surprised,6,6,paper,0,RandomForest,full
data/RAVDESS/Actor_10/03-01-01-01-02-01-10.wav,RAVDESS,R10,female,neutral,0,0,paper,0,RandomForest,full
data/RAVDESS/Actor_21/03-01-05-01-01-01-21.wav,RAVDESS,R21,male,angry,3,3,paper,0,RandomForest,full
data/RAVDESS/Actor_05/03-01-07-01-02-02-05.wav,RAVDESS,R05,male,disgust,5,5,paper,0,RandomForest,full
data/RAVDESS/Actor_11/03-01-08-02-01-02-11.wav,RAVDESS,R11,male,surprised,6,6,paper,0,RandomForest,full
data/RAVDESS/Actor_18/03-01-08-01-02-02-18.wav,RAVDESS,R18,female,surprised,6,6,paper,0,RandomForest,full
data/RAVDESS/Actor_06/03-01-07-01-02-01-06.wav,RAVDESS,R06,female,disgust,5,0,paper,0,RandomForest,full
data/RAVDESS/Actor_03/03-01-04-02-02-02-03.wav,RAVDESS,R03,male,sad,2,1,paper,0,RandomForest,full
data/RAVDESS/Actor_07/03-01-08-02-02-01-07.wav,RAVDESS,R07,male,surprised,6,6,paper,0,RandomForest,full
data/RAVDESS/Actor_05/03-01-06-02-02-01-05.wav,RAVDESS,R05,male,fearful,4,1,paper,0,RandomForest,full
data/RAVDESS/Actor_22/03-01-01-01-01-01-22.wav,RAVDESS,R22,female,neutral,0,0,paper,0,RandomForest,full
data/RAVDESS/Actor_15/03-01-08-02-02-02-15.wav,RAVDESS,R15,male,surprised,6,1,paper,0,RandomForest,full
data/RAVDESS/Actor_05/03-01-03-02-01-02-05.wav,RAVDESS,R05,male,happy,1,1,paper,0,RandomForest,full
data/RAVDESS/Actor_06/03-01-03-02-02-02-06.wav,RAVDESS,R06,female,happy,1,1,paper,0,RandomForest,full
data/RAVDESS/Actor_12/03-01-05-01-01-02-12.wav,RAVDESS,R12,female,angry,3,5,paper,0,RandomForest,full
data/RAVDESS/Actor_14/03-01-08-01-02-02-14.wav,RAVDESS,R14,female,surprised,6,6,paper,0,RandomForest,full
data/RAVDESS/Actor_21/03-01-06-02-02-02-21.wav,RAVDESS,R21,male,fearful,4,4,paper,0,RandomForest,full
data/RAVDESS/Actor_19/03-01-08-02-02-01-19.wav,RAVDESS,R19,male,surprised,6,6,paper,0,RandomForest,full
data/RAVDESS/Actor_23/03-01-07-02-02-01-23.wav,RAVDESS,R23,male,disgust,5,6,paper,0,RandomForest,full
data/RAVDESS/Actor_12/03-01-07-02-02-01-12.wav,RAVDESS,R12,female,disgust,5,5,paper,0,RandomForest,full
data/RAVDESS/Actor_15/03-01-06-02-02-01-15.wav,RAVDESS,R15,male,fearful,4,4,paper,0,RandomForest,full
data/RAVDESS/Actor_16/03-01-08-02-02-02-16.wav,RAVDESS,R16,female,surprised,6,6,paper,0,RandomForest,full
data/RAVDESS/Actor_09/03-01-06-01-02-02-09.wav,RAVDESS,R09,male,fearful,4,0,paper,0,RandomForest,full
data/RAVDESS/Actor_01/03-01-03-02-01-02-01.wav,RAVDESS,R01,male,happy,1,1,paper,0,RandomForest,full
data/RAVDESS/Actor_23/03-01-07-02-02-02-23.wav,RAVDESS,R23,male,disgust,5,6,paper,0,RandomForest,full
data/RAVDESS/Actor_19/03-01-08-01-02-01-19.wav,RAVDESS,R19,male,surprised,6,0,paper,0,RandomForest,full
data/RAVDESS/Actor_05/03-01-05-01-01-01-05.wav,RAVDESS,R05,male,angry,3,1,paper,0,RandomForest,full
data/RAVDESS/Actor_08/03-01-02-01-01-02-08.wav,RAVDESS,R08,female,neutral,0,0,paper,0,RandomForest,full
data/RAVDESS/Actor_17/03-01-04-01-01-02-17.wav,RAVDESS,R17,male,sad,2,2,paper,0,RandomForest,full
data/RAVDESS/Actor_13/03-01-05-02-01-01-13.wav,RAVDESS,R13,male,angry,3,3,paper,0,RandomForest,full
data/RAVDESS/Actor_02/03-01-06-02-02-01-02.wav,RAVDESS,R02,female,fearful,4,4,paper,0,RandomForest,full
data/RAVDESS/Actor_22/03-01-04-01-02-01-22.wav,RAVDESS,R22,female,sad,2,2,paper,0,RandomForest,full
data/RAVDESS/Actor_23/03-01-07-02-01-01-23.wav,RAVDESS,R23,male,disgust,5,5,paper,0,RandomForest,full
data/RAVDESS/Actor_16/03-01-02-02-01-01-16.wav,RAVDESS,R16,female,neutral,0,0,paper,0,RandomForest,full
data/RAVDESS/Actor_01/03-01-05-02-02-02-01.wav,RAVDESS,R01,male,angry,3,3,paper,0,RandomForest,full
data/RAVDESS/Actor_06/03-01-04-01-02-01-06.wav,RAVDESS,R06,female,sad,2,0,paper,0,RandomForest,full
data/RAVDESS/Actor_24/03-01-06-02-02-01-24.wav,RAVDESS,R24,female,fearful,4,4,paper,0,RandomForest,full
data/RAVDESS/Actor_02/03-01-01-01-01-02-02.wav,RAVDESS,R02,female,neutral,0,0,paper,0,RandomForest,full
data/RAVDESS/Actor_02/03-01-05-02-02-02-02.wav,RAVDESS,R02,female,angry,3,3,paper,0,RandomForest,full
data/RAVDESS/Actor_01/03-01-08-02-02-01-01.wav,RAVDESS,R01,male,surprised,6,6,paper,0,RandomForest,full
data/RAVDESS/Actor_23/03-01-04-01-01-01-23.wav,RAVDESS,R23,male,sad,2,0,paper,0,RandomForest,full
data/RAVDESS/Actor_14/03-01-06-02-01-01-14.wav,RAVDESS,R14,female,fearful,4,4,paper,0,RandomForest,full
data/RAVDESS/Actor_02/03-01-04-01-02-02-02.wav,RAVDESS,R02,female,sad,2,2,paper,0,RandomForest,full
data/RAVDESS/Actor_02/03-01-02-02-01-02-02.wav,RAVDESS,R02,female,neutral,0,0,paper,0,RandomForest,full
data/RAVDESS/Actor_04/03-01-08-02-01-01-04.wav,RAVDESS,R04,female,surprised,6,3,paper,0,RandomForest,full
data/RAVDESS/Actor_18/03-01-08-02-01-02-18.wav,RAVDESS,R18,female,surprised,6,6,paper,0,RandomForest,full
data/RAVDESS/Actor_04/03-01-07-01-02-01-04.wav,RAVDESS,R04,female,disgust,5,5,paper,0,RandomForest,full
data/RAVDESS/Actor_01/03-01-06-01-02-01-01.wav,RAVDESS,R01,male,fearful,4,2,paper,0,RandomForest,full
data/RAVDESS/Actor_21/03-01-06-02-02-01-21.wav,RAVDESS,R21,male,fearful,4,1,paper,0,RandomForest,full
data/RAVDESS/Actor_18/03-01-03-02-01-02-18.wav,RAVDESS,R18,female,happy,1,1,paper,0,RandomForest,full
data/RAVDESS/Actor_09/03-01-07-01-01-02-09.wav,RAVDESS,R09,male,disgust,5,5,paper,0,RandomForest,full
data/RAVDESS/Actor_06/03-01-06-01-01-02-06.wav,RAVDESS,R06,female,fearful,4,0,paper,0,RandomForest,full
data/RAVDESS/Actor_15/03-01-03-02-02-01-15.wav,RAVDESS,R15,male,happy,1,1,paper,0,RandomForest,full
data/RAVDESS/Actor_15/03-01-07-02-01-02-15.wav,RAVDESS,R15,male,disgust,5,2,paper,0,RandomForest,full
data/RAVDESS/Actor_01/03-01-02-01-02-02-01.wav,RAVDESS,R01,male,neutral,0,0,paper,0,RandomForest,full
data/RAVDESS/Actor_04/03-01-07-01-01-02-04.wav,RAVDESS,R04,female,disgust,5,6,paper,0,RandomForest,full
data/RAVDESS/Actor_03/03-01-08-02-02-02-03.wav,RAVDESS,R03,male,surprised,6,6,paper,0,RandomForest,full
data/RAVDESS/Actor_24/03-01-08-02-01-01-24.wav,RAVDESS,R24,female,surprised,6,6,paper,0,RandomForest,full
data/RAVDESS/Actor_11/03-01-08-01-01-02-11.wav,RAVDESS,R11,male,surprised,6,6,paper,0,RandomForest,full
data/RAVDESS/Actor_11/03-01-02-02-02-01-11.wav,RAVDESS,R11,male,neutral,0,0,paper,0,RandomForest,full
data/RAVDESS/Actor_12/03-01-04-02-01-01-12.wav,RAVDESS,R12,female,sad,2,4,paper,0,RandomForest,full
data/RAVDESS/Actor_02/03-01-07-01-01-02-02.wav,RAVDESS,R02,female,disgust,5,0,paper,0,RandomForest,full
data/RAVDESS/Actor_15/03-01-06-01-02-01-15.wav,RAVDESS,R15,male,fearful,4,4,paper,0,RandomForest,full
data/RAVDESS/Actor_21/03-01-04-01-02-01-21.wav,RAVDESS,R21,male,sad,2,0,paper,0,RandomForest,full
data/RAVDESS/Actor_04/03-01-06-01-02-02-04.wav,RAVDESS,R04,female,fearful,4,4,paper,0,RandomForest,full
data/RAVDESS/Actor_02/03-01-02-02-01-01-02.wav,RAVDESS,R02,female,neutral,0,0,paper,0,RandomForest,full
data/RAVDESS/Actor_19/03-01-04-02-02-02-19.wav,RAVDESS,R19,male,sad,2,2,paper,0,RandomForest,full
data/RAVDESS/Actor_16/03-01-07-01-02-01-16.wav,RAVDESS,R16,female,disgust,5,5,paper,0,RandomForest,full
data/RAVDESS/Actor_11/03-01-06-01-02-01-11.wav,RAVDESS,R11,male,fearful,4,4,paper,0,RandomForest,full
data/RAVDESS/Actor_20/03-01-07-01-02-01-20.wav,RAVDESS,R20,female,disgust,5,0,paper,0,RandomForest,full
data/RAVDESS/Actor_21/03-01-01-01-01-02-21.wav,RAVDESS,R21,male,neutral,0,0,paper,0,CNN,full
data/RAVDESS/Actor_08/03-01-06-02-02-02-08.wav,RAVDESS,R08,female,fearful,4,4,paper,0,CNN,full
data/RAVDESS/Actor_15/03-01-06-01-01-01-15.wav,RAVDESS,R15,male,fearful,4,2,paper,0,CNN,full
data/RAVDESS/Actor_15/03-01-05-02-02-01-15.wav,RAVDESS,R15,male,angry,3,3,paper,0,CNN,full
data/RAVDESS/Actor_05/03-01-02-02-02-01-05.wav,RAVDESS,R05,male,neutral,0,0,paper,0,CNN,full
data/RAVDESS/Actor_09/03-01-02-02-01-02-09.wav,RAVDESS,R09,male,neutral,0,2,paper,0,CNN,full
data/RAVDESS/Actor_15/03-01-07-01-02-01-15.wav,RAVDESS,R15,male,disgust,5,5,paper,0,CNN,full
data/RAVDESS/Actor_14/03-01-06-02-02-01-14.wav,RAVDESS,R14,female,fearful,4,4,paper,0,CNN,full
data/RAVDESS/Actor_09/03-01-02-01-02-01-09.wav,RAVDESS,R09,male,neutral,0,0,paper,0,CNN,full
data/RAVDESS/Actor_07/03-01-02-02-01-01-07.wav,RAVDESS,R07,male,neutral,0,0,paper,0,CNN,full
data/RAVDESS/Actor_10/03-01-04-02-02-02-10.wav,RAVDESS,R10,female,sad,2,2,paper,0,CNN,full
data/RAVDESS/Actor_06/03-01-07-02-02-01-06.wav,RAVDESS,R06,female,disgust,5,5,paper,0,CNN,full
data/RAVDESS/Actor_21/03-01-01-01-02-02-21.wav,RAVDESS,R21,male,neutral,0,0,paper,0,CNN,full
data/RAVDESS/Actor_06/03-01-05-02-01-02-06.wav,RAVDESS,R06,female,angry,3,3,paper,0,CNN,full
data/RAVDESS/Actor_01/03-01-04-01-01-02-01.wav,RAVDESS,R01,male,sad,2,2,paper,0,CNN,full
data/RAVDESS/Actor_15/03-01-05-02-01-02-15.wav,RAVDESS,R15,male,angry,3,3,paper,0,CNN,full
data/RAVDESS/Actor_02/03-01-08-01-02-01-02.wav,RAVDESS,R02,female,surprised,6,6,paper,0,CNN,full
data/RAVDESS/Actor_20/03-01-04-02-02-02-20.wav,RAVDESS,R20,female,sad,2,2,paper,0,CNN,full
data/RAVDESS/Actor_12/03-01-01-01-02-01-12.wav,RAVDESS,R12,female,neutral,0,0,paper,0,CNN,full
data/RAVDESS/Actor_17/03-01-05-02-02-02-17.wav,RAVDESS,R17,male,angry,3,3,paper,0,CNN,full
data/RAVDESS/Actor_11/03-01-05-01-01-02-11.wav,RAVDESS,R11,male,angry,3,3,paper,0,CNN,full
data/RAVDESS/Actor_17/03-01-03-02-02-02-17.wav,RAVDESS,R17,male,happy,1,1,paper,0,CNN,full
data/RAVDESS/Actor_24/03-01-03-01-02-01-24.wav,RAVDESS,R24,female,happy,1,6,paper,0,CNN,full
data/RAVDESS/Actor_16/03-01-04-01-02-02-16.wav,RAVDESS,R16,female,sad,2,2,paper,0,CNN,full
data/RAVDESS/Actor_16/03-01-05-01-01-02-16.wav,RAVDESS,R16,female,angry,3,3,paper,0,CNN,full
data/RAVDESS/Actor_13/03-01-02-01-02-02-13.wav,RAVDESS,R13,male,neutral,0,0,paper,0,CNN,full
data/RAVDESS/Actor_08/03-01-01-01-02-02-08.wav,RAVDESS,R08,female,neutral,0,0,paper,0,CNN,full
data/RAVDESS/Actor_02/03-01-07-01-02-01-02.wav,RAVDESS,R02,female,disgust,5,5,paper,0,CNN,full
data/RAVDESS/Actor_03/03-01-03-01-01-01-03.wav,RAVDESS,R03,male,happy,1,1,paper,0,CNN,full
data/RAVDESS/Actor_07/03-01-05-02-02-02-07.wav,RAVDESS,R07,male,angry,3,3,paper,0,CNN,full
data/RAVDESS/Actor_05/03-01-03-01-02-01-05.wav,RAVDESS,R05,male,happy,1,2,paper,0,CNN,full
data/RAVDESS/Actor_22/03-01-02-01-01-02-22.wav,RAVDESS,R22,female,neutral,0,0,paper,0,CNN,full
data/RAVDESS/Actor_09/03-01-02-01-02-02-09.wav,RAVDESS,R09,male,neutral,0,0,paper,0,CNN,full
data/RAVDESS/Actor_17/03-01-03-02-02-01-17.wav,RAVDESS,R17,male,happy,1,4,paper,0,CNN,full
data/RAVDESS/Actor_14/03-01-02-02-02-01-14.wav,RAVDESS,R14,female,neutral,0,0,paper,0,CNN,full
data/RAVDESS/Actor_22/03-01-06-01-01-02-22.wav,RAVDESS,R22,female,fearful,4,4,paper,0,CNN,full
data/RAVDESS/Actor_08/03-01-02-01-02-02-08.wav,RAVDESS,R08,female,neutral,0,0,paper,0,CNN,full
data/RAVDESS/Actor_09/03-01-05-01-01-01-09.wav,RAVDESS,R09,male,angry,3,0,paper,0,CNN,full
data/RAVDESS/Actor_15/03-01-03-02-01-01-15.wav,RAVDESS,R15,male,happy,1,1,paper,0,CNN,full
data/RAVDESS/Actor_09/03-01-04-01-02-01-09.wav,RAVDESS,R09,male,sad,2,2,paper,0,CNN,full
data/RAVDESS/Actor_22/03-01-04-02-01-02-22.wav,RAVDESS,R22,female,sad,2,2,paper,0,CNN,full
data/RAVDESS/Actor_06/03-01-04-02-01-02-06.wav,RAVDESS,R06,female,sad,2,5,paper,0,CNN,full
data/RAVDESS/Actor_16/03-01-02-02-02-02-16.wav,RAVDESS,R16,female,neutral,0,0,paper,0,CNN,full
data/RAVDESS/Actor_20/03-01-07-02-01-01-20.wav,RAVDESS,R20,female,disgust,5,5,paper,0,CNN,full
data/RAVDESS/Actor_14/03-01-02-01-01-01-14.wav,RAVDESS,R14,female,neutral,0,0,paper,0,CNN,full
data/RAVDESS/Actor_05/03-01-08-01-02-02-05.wav,RAVDESS,R05,male,surprised,6,6,paper,0,CNN,full
data/RAVDESS/Actor_20/03-01-05-01-01-01-20.wav,RAVDESS,R20,female,angry,3,4,paper,0,CNN,full
data/RAVDESS/Actor_12/03-01-05-01-02-02-12.wav,RAVDESS,R12,female,angry,3,5,paper,0,CNN,full
data/RAVDESS/Actor_22/03-01-03-01-02-02-22.wav,RAVDESS,R22,female,happy,1,1,paper,0,CNN,full
data/RAVDESS/Actor_03/03-01-03-02-01-01-03.wav,RAVDESS,R03,male,happy,1,1,paper,0,CNN,full
data/RAVDESS/Actor_09/03-01-04-02-01-01-09.wav,RAVDESS,R09,male,sad,2,2,paper,0,CNN,full
data/RAVDESS/Actor_05/03-01-01-01-01-01-05.wav,RAVDESS,R05,male,neutral,0,2,paper,0,CNN,full
data/RAVDESS/Actor_01/03-01-06-02-02-02-01.wav,RAVDESS,R01,male,fearful,4,1,paper,0,CNN,full
data/RAVDESS/Actor_24/03-01-03-02-01-01-24.wav,RAVDESS,R24,female,happy,1,1,paper,0,CNN,full
data/RAVDESS/Actor_05/03-01-07-01-01-01-05.wav,RAVDESS,R05,male,disgust,5,5,paper,0,CNN,full
data/RAVDESS/Actor_17/03-01-05-02-01-02-17.wav,RAVDESS,R17,male,angry,3,3,paper,0,CNN,full
data/RAVDESS/Actor_13/03-01-03-01-01-01-13.wav,RAVDESS,R13,male,happy,1,0,paper,0,CNN,full
data/RAVDESS/Actor_01/03-01-04-01-02-02-01.wav,RAVDESS,R01,male,sad,2,2,paper,0,CNN,full
data/RAVDESS/Actor_19/03-01-06-01-01-01-19.wav,RAVDESS,R19,male,fearful,4,4,paper,0,CNN,full
data/RAVDESS/Actor_03/03-01-02-02-02-01-03.wav,RAVDESS,R03,male,neutral,0,0,paper,0,CNN,full
data/RAVDESS/Actor_19/03-01-05-02-02-02-19.wav,RAVDESS,R19,male,angry,3,3,paper,0,CNN,full
data/RAVDESS/Actor_04/03-01-03-01-02-02-04.wav,RAVDESS,R04,female,happy,1,1,paper,0,CNN,full
data/RAVDESS/Actor_19/03-01-03-01-02-02-19.wav,RAVDESS,R19,male,happy,1,1,paper,0,CNN,full
data/RAVDESS/Actor_11/03-01-08-02-01-01-11.wav,RAVDESS,R11,male,surprised,6,6,paper,0,CNN,full
data/RAVDESS/Actor_05/03-01-08-02-01-01-05.wav,RAVDESS,R05,male,surprised,6,5,paper,0,CNN,full
data/RAVDESS/Actor_17/03-01-07-01-01-02-17.wav,RAVDESS,R17,male,disgust,5,5,paper,0,CNN,full
data/RAVDESS/Actor_19/03-01-06-02-02-01-19.wav,RAVDESS,R19,male,fearful,4,4,paper,0,CNN,full
data/RAVDESS/Actor_04/03-01-03-02-01-02-04.wav,RAVDESS,R04,female,happy,1,1,paper,0,CNN,full
data/RAVDESS/Actor_21/03-01-04-01-01-01-21.wav,RAVDESS,R21,male,sad,2,2,paper,0,CNN,full
data/RAVDESS/Actor_01/03-01-02-02-01-01-01.wav,RAVDESS,R01,male,neutral,0,0,paper,0,CNN,full
data/RAVDESS/Actor_23/03-01-05-01-01-02-23.wav,RAVDESS,R23,male,angry,3,3,paper,0,CNN,full
data/RAVDESS/Actor_04/03-01-03-01-02-01-04.wav,RAVDESS,R04,female,happy,1,1,paper,0,CNN,full
data/RAVDESS/Actor_16/03-01-02-01-02-02-16.wav,RAVDESS,R16,female,neutral,0,0,paper,0,CNN,full
data/RAVDESS/Actor_21/03-01-02-02-01-02-21.wav,RAVDESS,R21,male,neutral,0,0,paper,0,CNN,full
data/RAVDESS/Actor_18/03-01-08-01-01-01-18.wav,RAVDESS,R18,female,surprised,6,2,paper,0,CNN,full
data/RAVDESS/Actor_10/03-01-01-01-02-01-10.wav,RAVDESS,R10,female,neutral,0,0,paper,0,CNN,full
data/RAVDESS/Actor_21/03-01-05-01-01-01-21.wav,RAVDESS,R21,male,angry,3,3,paper,0,CNN,full
data/RAVDESS/Actor_05/03-01-07-01-02-02-05.wav,RAVDESS,R05,male,disgust,5,5,paper,0,CNN,full
data/RAVDESS/Actor_11/03-01-08-02-01-02-11.wav,RAVDESS,R11,male,surprised,6,6,paper,0,CNN,full
data/RAVDESS/Actor_18/03-01-08-01-02-02-18.wav,RAVDESS,R18,female,surprised,6,6,paper,0,CNN,full
data/RAVDESS/Actor_06/03-01-07-01-02-01-06.wav,RAVDESS,R06,female,disgust,5,5,paper,0,CNN,full
data/RAVDESS/Actor_03/03-01-04-02-02-02-03.wav,RAVDESS,R03,male,sad,2,1,paper,0,CNN,full
data/RAVDESS/Actor_07/03-01-08-02-02-01-07.wav,RAVDESS,R07,male,surprised,6,6,paper,0,CNN,full
data/RAVDESS/Actor_05/03-01-06-02-02-01-05.wav,RAVDESS,R05,male,fearful,4,4,paper,0,CNN,full
data/RAVDESS/Actor_22/03-01-01-01-01-01-22.wav,RAVDESS,R22,female,neutral,0,0,paper,0,CNN,full
data/RAVDESS/Actor_15/03-01-08-02-02-02-15.wav,RAVDESS,R15,male,surprised,6,2,paper,0,CNN,full
data/RAVDESS/Actor_05/03-01-03-02-01-02-05.wav,RAVDESS,R05,male,happy,1,1,paper,0,CNN,full
data/RAVDESS/Actor_06/03-01-03-02-02-02-06.wav,RAVDESS,R06,female,happy,1,1,paper,0,CNN,full
data/RAVDESS/Actor_12/03-01-05-01-01-02-12.wav,RAVDESS,R12,female,angry,3,5,paper,0,CNN,full
data/RAVDESS/Actor_14/03-01-08-01-02-02-14.wav,RAVDESS,R14,female,surprised,6,6,paper,0,CNN,full
data/RAVDESS/Actor_21/03-01-06-02-02-02-21.wav,RAVDESS,R21,male,fearful,4,1,paper,0,CNN,full
data/RAVDESS/Actor_19/03-01-08-02-02-01-19.wav,RAVDESS,R19,male,surprised,6,6,paper,0,CNN,full
data/RAVDESS/Actor_23/03-01-07-02-02-01-23.wav,RAVDESS,R23,male,disgust,5,5,paper,0,CNN,full
data/RAVDESS/Actor_12/03-01-07-02-02-01-12.wav,RAVDESS,R12,female,disgust,5,5,paper,0,CNN,full
data/RAVDESS/Actor_15/03-01-06-02-02-01-15.wav,RAVDESS,R15,male,fearful,4,4,paper,0,CNN,full
data/RAVDESS/Actor_16/03-01-08-02-02-02-16.wav,RAVDESS,R16,female,surprised,6,6,paper,0,CNN,full
data/RAVDESS/Actor_09/03-01-06-01-02-02-09.wav,RAVDESS,R09,male,fearful,4,0,paper,0,CNN,full
data/RAVDESS/Actor_01/03-01-03-02-01-02-01.wav,RAVDESS,R01,male,happy,1,1,paper,0,CNN,full
data/RAVDESS/Actor_23/03-01-07-02-02-02-23.wav,RAVDESS,R23,male,disgust,5,5,paper,0,CNN,full
data/RAVDESS/Actor_19/03-01-08-01-02-01-19.wav,RAVDESS,R19,male,surprised,6,5,paper,0,CNN,full
data/RAVDESS/Actor_05/03-01-05-01-01-01-05.wav,RAVDESS,R05,male,angry,3,3,paper,0,CNN,full
data/RAVDESS/Actor_08/03-01-02-01-01-02-08.wav,RAVDESS,R08,female,neutral,0,0,paper,0,CNN,full
data/RAVDESS/Actor_17/03-01-04-01-01-02-17.wav,RAVDESS,R17,male,sad,2,2,paper,0,CNN,full
data/RAVDESS/Actor_13/03-01-05-02-01-01-13.wav,RAVDESS,R13,male,angry,3,4,paper,0,CNN,full
data/RAVDESS/Actor_02/03-01-06-02-02-01-02.wav,RAVDESS,R02,female,fearful,4,4,paper,0,CNN,full
data/RAVDESS/Actor_22/03-01-04-01-02-01-22.wav,RAVDESS,R22,female,sad,2,2,paper,0,CNN,full
data/RAVDESS/Actor_23/03-01-07-02-01-01-23.wav,RAVDESS,R23,male,disgust,5,5,paper,0,CNN,full
data/RAVDESS/Actor_16/03-01-02-02-01-01-16.wav,RAVDESS,R16,female,neutral,0,0,paper,0,CNN,full
data/RAVDESS/Actor_01/03-01-05-02-02-02-01.wav,RAVDESS,R01,male,angry,3,3,paper,0,CNN,full
data/RAVDESS/Actor_06/03-01-04-01-02-01-06.wav,RAVDESS,R06,female,sad,2,2,paper,0,CNN,full
data/RAVDESS/Actor_24/03-01-06-02-02-01-24.wav,RAVDESS,R24,female,fearful,4,4,paper,0,CNN,full
data/RAVDESS/Actor_02/03-01-01-01-01-02-02.wav,RAVDESS,R02,female,neutral,0,0,paper,0,CNN,full
data/RAVDESS/Actor_02/03-01-05-02-02-02-02.wav,RAVDESS,R02,female,angry,3,3,paper,0,CNN,full
data/RAVDESS/Actor_01/03-01-08-02-02-01-01.wav,RAVDESS,R01,male,surprised,6,4,paper,0,CNN,full
data/RAVDESS/Actor_23/03-01-04-01-01-01-23.wav,RAVDESS,R23,male,sad,2,0,paper,0,CNN,full
data/RAVDESS/Actor_14/03-01-06-02-01-01-14.wav,RAVDESS,R14,female,fearful,4,4,paper,0,CNN,full
data/RAVDESS/Actor_02/03-01-04-01-02-02-02.wav,RAVDESS,R02,female,sad,2,2,paper,0,CNN,full
data/RAVDESS/Actor_02/03-01-02-02-01-02-02.wav,RAVDESS,R02,female,neutral,0,0,paper,0,CNN,full
data/RAVDESS/Actor_04/03-01-08-02-01-01-04.wav,RAVDESS,R04,female,surprised,6,3,paper,0,CNN,full
data/RAVDESS/Actor_18/03-01-08-02-01-02-18.wav,RAVDESS,R18,female,surprised,6,6,paper,0,CNN,full
data/RAVDESS/Actor_04/03-01-07-01-02-01-04.wav,RAVDESS,R04,female,disgust,5,5,paper,0,CNN,full
data/RAVDESS/Actor_01/03-01-06-01-02-01-01.wav,RAVDESS,R01,male,fearful,4,0,paper,0,CNN,full
data/RAVDESS/Actor_21/03-01-06-02-02-01-21.wav,RAVDESS,R21,male,fearful,4,4,paper,0,CNN,full
data/RAVDESS/Actor_18/03-01-03-02-01-02-18.wav,RAVDESS,R18,female,happy,1,4,paper,0,CNN,full
data/RAVDESS/Actor_09/03-01-07-01-01-02-09.wav,RAVDESS,R09,male,disgust,5,5,paper,0,CNN,full
data/RAVDESS/Actor_06/03-01-06-01-01-02-06.wav,RAVDESS,R06,female,fearful,4,4,paper,0,CNN,full
data/RAVDESS/Actor_15/03-01-03-02-02-01-15.wav,RAVDESS,R15,male,happy,1,5,paper,0,CNN,full
data/RAVDESS/Actor_15/03-01-07-02-01-02-15.wav,RAVDESS,R15,male,disgust,5,5,paper,0,CNN,full
data/RAVDESS/Actor_01/03-01-02-01-02-02-01.wav,RAVDESS,R01,male,neutral,0,2,paper,0,CNN,full
data/RAVDESS/Actor_04/03-01-07-01-01-02-04.wav,RAVDESS,R04,female,disgust,5,5,paper,0,CNN,full
data/RAVDESS/Actor_03/03-01-08-02-02-02-03.wav,RAVDESS,R03,male,surprised,6,6,paper,0,CNN,full
data/RAVDESS/Actor_24/03-01-08-02-01-01-24.wav,RAVDESS,R24,female,surprised,6,6,paper,0,CNN,full
data/RAVDESS/Actor_11/03-01-08-01-01-02-11.wav,RAVDESS,R11,male,surprised,6,6,paper,0,CNN,full
data/RAVDESS/Actor_11/03-01-02-02-02-01-11.wav,RAVDESS,R11,male,neutral,0,0,paper,0,CNN,full
data/RAVDESS/Actor_12/03-01-04-02-01-01-12.wav,RAVDESS,R12,female,sad,2,2,paper,0,CNN,full
data/RAVDESS/Actor_02/03-01-07-01-01-02-02.wav,RAVDESS,R02,female,disgust,5,5,paper,0,CNN,full
data/RAVDESS/Actor_15/03-01-06-01-02-01-15.wav,RAVDESS,R15,male,fearful,4,4,paper,0,CNN,full
data/RAVDESS/Actor_21/03-01-04-01-02-01-21.wav,RAVDESS,R21,male,sad,2,0,paper,0,CNN,full
data/RAVDESS/Actor_04/03-01-06-01-02-02-04.wav,RAVDESS,R04,female,fearful,4,4,paper,0,CNN,full
data/RAVDESS/Actor_02/03-01-02-02-01-01-02.wav,RAVDESS,R02,female,neutral,0,0,paper,0,CNN,full
data/RAVDESS/Actor_19/03-01-04-02-02-02-19.wav,RAVDESS,R19,male,sad,2,2,paper,0,CNN,full
data/RAVDESS/Actor_16/03-01-07-01-02-01-16.wav,RAVDESS,R16,female,disgust,5,6,paper,0,CNN,full
data/RAVDESS/Actor_11/03-01-06-01-02-01-11.wav,RAVDESS,R11,male,fearful,4,4,paper,0,CNN,full
data/RAVDESS/Actor_20/03-01-07-01-02-01-20.wav,RAVDESS,R20,female,disgust,5,5,paper,0,CNN,full
data/RAVDESS/Actor_21/03-01-01-01-01-02-21.wav,RAVDESS,R21,male,neutral,0,0,paper,0,CNN_BiLSTM,full
data/RAVDESS/Actor_08/03-01-06-02-02-02-08.wav,RAVDESS,R08,female,fearful,4,4,paper,0,CNN_BiLSTM,full
data/RAVDESS/Actor_15/03-01-06-01-01-01-15.wav,RAVDESS,R15,male,fearful,4,2,paper,0,CNN_BiLSTM,full
data/RAVDESS/Actor_15/03-01-05-02-02-01-15.wav,RAVDESS,R15,male,angry,3,3,paper,0,CNN_BiLSTM,full
data/RAVDESS/Actor_05/03-01-02-02-02-01-05.wav,RAVDESS,R05,male,neutral,0,0,paper,0,CNN_BiLSTM,full
data/RAVDESS/Actor_09/03-01-02-02-01-02-09.wav,RAVDESS,R09,male,neutral,0,0,paper,0,CNN_BiLSTM,full
data/RAVDESS/Actor_15/03-01-07-01-02-01-15.wav,RAVDESS,R15,male,disgust,5,5,paper,0,CNN_BiLSTM,full
data/RAVDESS/Actor_14/03-01-06-02-02-01-14.wav,RAVDESS,R14,female,fearful,4,1,paper,0,CNN_BiLSTM,full
data/RAVDESS/Actor_09/03-01-02-01-02-01-09.wav,RAVDESS,R09,male,neutral,0,0,paper,0,CNN_BiLSTM,full
data/RAVDESS/Actor_07/03-01-02-02-01-01-07.wav,RAVDESS,R07,male,neutral,0,0,paper,0,CNN_BiLSTM,full
data/RAVDESS/Actor_10/03-01-04-02-02-02-10.wav,RAVDESS,R10,female,sad,2,2,paper,0,CNN_BiLSTM,full
data/RAVDESS/Actor_06/03-01-07-02-02-01-06.wav,RAVDESS,R06,female,disgust,5,5,paper,0,CNN_BiLSTM,full
data/RAVDESS/Actor_21/03-01-01-01-02-02-21.wav,RAVDESS,R21,male,neutral,0,0,paper,0,CNN_BiLSTM,full
data/RAVDESS/Actor_06/03-01-05-02-01-02-06.wav,RAVDESS,R06,female,angry,3,3,paper,0,CNN_BiLSTM,full
data/RAVDESS/Actor_01/03-01-04-01-01-02-01.wav,RAVDESS,R01,male,sad,2,2,paper,0,CNN_BiLSTM,full
data/RAVDESS/Actor_15/03-01-05-02-01-02-15.wav,RAVDESS,R15,male,angry,3,3,paper,0,CNN_BiLSTM,full
data/RAVDESS/Actor_02/03-01-08-01-02-01-02.wav,RAVDESS,R02,female,surprised,6,6,paper,0,CNN_BiLSTM,full
data/RAVDESS/Actor_20/03-01-04-02-02-02-20.wav,RAVDESS,R20,female,sad,2,2,paper,0,CNN_BiLSTM,full
data/RAVDESS/Actor_12/03-01-01-01-02-01-12.wav,RAVDESS,R12,female,neutral,0,0,paper,0,CNN_BiLSTM,full
data/RAVDESS/Actor_17/03-01-05-02-02-02-17.wav,RAVDESS,R17,male,angry,3,3,paper,0,CNN_BiLSTM,full
data/RAVDESS/Actor_11/03-01-05-01-01-02-11.wav,RAVDESS,R11,male,angry,3,3,paper,0,CNN_BiLSTM,full
data/RAVDESS/Actor_17/03-01-03-02-02-02-17.wav,RAVDESS,R17,male,happy,1,1,paper,0,CNN_BiLSTM,full
data/RAVDESS/Actor_24/03-01-03-01-02-01-24.wav,RAVDESS,R24,female,happy,1,6,paper,0,CNN_BiLSTM,full
data/RAVDESS/Actor_16/03-01-04-01-02-02-16.wav,RAVDESS,R16,female,sad,2,2,paper,0,CNN_BiLSTM,full
data/RAVDESS/Actor_16/03-01-05-01-01-02-16.wav,RAVDESS,R16,female,angry,3,3,paper,0,CNN_BiLSTM,full
data/RAVDESS/Actor_13/03-01-02-01-02-02-13.wav,RAVDESS,R13,male,neutral,0,0,paper,0,CNN_BiLSTM,full
data/RAVDESS/Actor_08/03-01-01-01-02-02-08.wav,RAVDESS,R08,female,neutral,0,0,paper,0,CNN_BiLSTM,full
data/RAVDESS/Actor_02/03-01-07-01-02-01-02.wav,RAVDESS,R02,female,disgust,5,5,paper,0,CNN_BiLSTM,full
data/RAVDESS/Actor_03/03-01-03-01-01-01-03.wav,RAVDESS,R03,male,happy,1,1,paper,0,CNN_BiLSTM,full
data/RAVDESS/Actor_07/03-01-05-02-02-02-07.wav,RAVDESS,R07,male,angry,3,3,paper,0,CNN_BiLSTM,full
data/RAVDESS/Actor_05/03-01-03-01-02-01-05.wav,RAVDESS,R05,male,happy,1,0,paper,0,CNN_BiLSTM,full
data/RAVDESS/Actor_22/03-01-02-01-01-02-22.wav,RAVDESS,R22,female,neutral,0,0,paper,0,CNN_BiLSTM,full
data/RAVDESS/Actor_09/03-01-02-01-02-02-09.wav,RAVDESS,R09,male,neutral,0,0,paper,0,CNN_BiLSTM,full
data/RAVDESS/Actor_17/03-01-03-02-02-01-17.wav,RAVDESS,R17,male,happy,1,1,paper,0,CNN_BiLSTM,full
data/RAVDESS/Actor_14/03-01-02-02-02-01-14.wav,RAVDESS,R14,female,neutral,0,0,paper,0,CNN_BiLSTM,full
data/RAVDESS/Actor_22/03-01-06-01-01-02-22.wav,RAVDESS,R22,female,fearful,4,4,paper,0,CNN_BiLSTM,full
data/RAVDESS/Actor_08/03-01-02-01-02-02-08.wav,RAVDESS,R08,female,neutral,0,0,paper,0,CNN_BiLSTM,full
data/RAVDESS/Actor_09/03-01-05-01-01-01-09.wav,RAVDESS,R09,male,angry,3,5,paper,0,CNN_BiLSTM,full
data/RAVDESS/Actor_15/03-01-03-02-01-01-15.wav,RAVDESS,R15,male,happy,1,1,paper,0,CNN_BiLSTM,full
data/RAVDESS/Actor_09/03-01-04-01-02-01-09.wav,RAVDESS,R09,male,sad,2,2,paper,0,CNN_BiLSTM,full
data/RAVDESS/Actor_22/03-01-04-02-01-02-22.wav,RAVDESS,R22,female,sad,2,2,paper,0,CNN_BiLSTM,full
data/RAVDESS/Actor_06/03-01-04-02-01-02-06.wav,RAVDESS,R06,female,sad,2,5,paper,0,CNN_BiLSTM,full
data/RAVDESS/Actor_16/03-01-02-02-02-02-16.wav,RAVDESS,R16,female,neutral,0,0,paper,0,CNN_BiLSTM,full
data/RAVDESS/Actor_20/03-01-07-02-01-01-20.wav,RAVDESS,R20,female,disgust,5,5,paper,0,CNN_BiLSTM,full
data/RAVDESS/Actor_14/03-01-02-01-01-01-14.wav,RAVDESS,R14,female,neutral,0,2,paper,0,CNN_BiLSTM,full
data/RAVDESS/Actor_05/03-01-08-01-02-02-05.wav,RAVDESS,R05,male,surprised,6,1,paper,0,CNN_BiLSTM,full
data/RAVDESS/Actor_20/03-01-05-01-01-01-20.wav,RAVDESS,R20,female,angry,3,0,paper,0,CNN_BiLSTM,full
data/RAVDESS/Actor_12/03-01-05-01-02-02-12.wav,RAVDESS,R12,female,angry,3,5,paper,0,CNN_BiLSTM,full
data/RAVDESS/Actor_22/03-01-03-01-02-02-22.wav,RAVDESS,R22,female,happy,1,1,paper,0,CNN_BiLSTM,full
data/RAVDESS/Actor_03/03-01-03-02-01-01-03.wav,RAVDESS,R03,male,happy,1,1,paper,0,CNN_BiLSTM,full
data/RAVDESS/Actor_09/03-01-04-02-01-01-09.wav,RAVDESS,R09,male,sad,2,2,paper,0,CNN_BiLSTM,full
data/RAVDESS/Actor_05/03-01-01-01-01-01-05.wav,RAVDESS,R05,male,neutral,0,0,paper,0,CNN_BiLSTM,full
data/RAVDESS/Actor_01/03-01-06-02-02-02-01.wav,RAVDESS,R01,male,fearful,4,1,paper,0,CNN_BiLSTM,full
data/RAVDESS/Actor_24/03-01-03-02-01-01-24.wav,RAVDESS,R24,female,happy,1,3,paper,0,CNN_BiLSTM,full
data/RAVDESS/Actor_05/03-01-07-01-01-01-05.wav,RAVDESS,R05,male,disgust,5,5,paper,0,CNN_BiLSTM,full
data/RAVDESS/Actor_17/03-01-05-02-01-02-17.wav,RAVDESS,R17,male,angry,3,3,paper,0,CNN_BiLSTM,full
data/RAVDESS/Actor_13/03-01-03-01-01-01-13.wav,RAVDESS,R13,male,happy,1,1,paper,0,CNN_BiLSTM,full
data/RAVDESS/Actor_01/03-01-04-01-02-02-01.wav,RAVDESS,R01,male,sad,2,2,paper,0,CNN_BiLSTM,full
data/RAVDESS/Actor_19/03-01-06-01-01-01-19.wav,RAVDESS,R19,male,fearful,4,4,paper,0,CNN_BiLSTM,full
data/RAVDESS/Actor_03/03-01-02-02-02-01-03.wav,RAVDESS,R03,male,neutral,0,0,paper,0,CNN_BiLSTM,full
data/RAVDESS/Actor_19/03-01-05-02-02-02-19.wav,RAVDESS,R19,male,angry,3,3,paper,0,CNN_BiLSTM,full
data/RAVDESS/Actor_04/03-01-03-01-02-02-04.wav,RAVDESS,R04,female,happy,1,1,paper,0,CNN_BiLSTM,full
data/RAVDESS/Actor_19/03-01-03-01-02-02-19.wav,RAVDESS,R19,male,happy,1,1,paper,0,CNN_BiLSTM,full
data/RAVDESS/Actor_11/03-01-08-02-01-01-11.wav,RAVDESS,R11,male,surprised,6,6,paper,0,CNN_BiLSTM,full
data/RAVDESS/Actor_05/03-01-08-02-01-01-05.wav,RAVDESS,R05,male,surprised,6,5,paper,0,CNN_BiLSTM,full
data/RAVDESS/Actor_17/03-01-07-01-01-02-17.wav,RAVDESS,R17,male,disgust,5,5,paper,0,CNN_BiLSTM,full
data/RAVDESS/Actor_19/03-01-06-02-02-01-19.wav,RAVDESS,R19,male,fearful,4,4,paper,0,CNN_BiLSTM,full
data/RAVDESS/Actor_04/03-01-03-02-01-02-04.wav,RAVDESS,R04,female,happy,1,1,paper,0,CNN_BiLSTM,full
data/RAVDESS/Actor_21/03-01-04-01-01-01-21.wav,RAVDESS,R21,male,sad,2,2,paper,0,CNN_BiLSTM,full
data/RAVDESS/Actor_01/03-01-02-02-01-01-01.wav,RAVDESS,R01,male,neutral,0,0,paper,0,CNN_BiLSTM,full
data/RAVDESS/Actor_23/03-01-05-01-01-02-23.wav,RAVDESS,R23,male,angry,3,3,paper,0,CNN_BiLSTM,full
data/RAVDESS/Actor_04/03-01-03-01-02-01-04.wav,RAVDESS,R04,female,happy,1,1,paper,0,CNN_BiLSTM,full
data/RAVDESS/Actor_16/03-01-02-01-02-02-16.wav,RAVDESS,R16,female,neutral,0,0,paper,0,CNN_BiLSTM,full
data/RAVDESS/Actor_21/03-01-02-02-01-02-21.wav,RAVDESS,R21,male,neutral,0,0,paper,0,CNN_BiLSTM,full
data/RAVDESS/Actor_18/03-01-08-01-01-01-18.wav,RAVDESS,R18,female,surprised,6,2,paper,0,CNN_BiLSTM,full
data/RAVDESS/Actor_10/03-01-01-01-02-01-10.wav,RAVDESS,R10,female,neutral,0,0,paper,0,CNN_BiLSTM,full
data/RAVDESS/Actor_21/03-01-05-01-01-01-21.wav,RAVDESS,R21,male,angry,3,3,paper,0,CNN_BiLSTM,full
data/RAVDESS/Actor_05/03-01-07-01-02-02-05.wav,RAVDESS,R05,male,disgust,5,5,paper,0,CNN_BiLSTM,full
data/RAVDESS/Actor_11/03-01-08-02-01-02-11.wav,RAVDESS,R11,male,surprised,6,6,paper,0,CNN_BiLSTM,full
data/RAVDESS/Actor_18/03-01-08-01-02-02-18.wav,RAVDESS,R18,female,surprised,6,6,paper,0,CNN_BiLSTM,full
data/RAVDESS/Actor_06/03-01-07-01-02-01-06.wav,RAVDESS,R06,female,disgust,5,2,paper,0,CNN_BiLSTM,full
data/RAVDESS/Actor_03/03-01-04-02-02-02-03.wav,RAVDESS,R03,male,sad,2,0,paper,0,CNN_BiLSTM,full
data/RAVDESS/Actor_07/03-01-08-02-02-01-07.wav,RAVDESS,R07,male,surprised,6,6,paper,0,CNN_BiLSTM,full
data/RAVDESS/Actor_05/03-01-06-02-02-01-05.wav,RAVDESS,R05,male,fearful,4,4,paper,0,CNN_BiLSTM,full
data/RAVDESS/Actor_22/03-01-01-01-01-01-22.wav,RAVDESS,R22,female,neutral,0,0,paper,0,CNN_BiLSTM,full
data/RAVDESS/Actor_15/03-01-08-02-02-02-15.wav,RAVDESS,R15,male,surprised,6,5,paper,0,CNN_BiLSTM,full
data/RAVDESS/Actor_05/03-01-03-02-01-02-05.wav,RAVDESS,R05,male,happy,1,1,paper,0,CNN_BiLSTM,full
data/RAVDESS/Actor_06/03-01-03-02-02-02-06.wav,RAVDESS,R06,female,happy,1,1,paper,0,CNN_BiLSTM,full
data/RAVDESS/Actor_12/03-01-05-01-01-02-12.wav,RAVDESS,R12,female,angry,3,3,paper,0,CNN_BiLSTM,full
data/RAVDESS/Actor_14/03-01-08-01-02-02-14.wav,RAVDESS,R14,female,surprised,6,6,paper,0,CNN_BiLSTM,full
data/RAVDESS/Actor_21/03-01-06-02-02-02-21.wav,RAVDESS,R21,male,fearful,4,4,paper,0,CNN_BiLSTM,full
data/RAVDESS/Actor_19/03-01-08-02-02-01-19.wav,RAVDESS,R19,male,surprised,6,6,paper,0,CNN_BiLSTM,full
data/RAVDESS/Actor_23/03-01-07-02-02-01-23.wav,RAVDESS,R23,male,disgust,5,5,paper,0,CNN_BiLSTM,full
data/RAVDESS/Actor_12/03-01-07-02-02-01-12.wav,RAVDESS,R12,female,disgust,5,5,paper,0,CNN_BiLSTM,full
data/RAVDESS/Actor_15/03-01-06-02-02-01-15.wav,RAVDESS,R15,male,fearful,4,4,paper,0,CNN_BiLSTM,full
data/RAVDESS/Actor_16/03-01-08-02-02-02-16.wav,RAVDESS,R16,female,surprised,6,6,paper,0,CNN_BiLSTM,full
data/RAVDESS/Actor_09/03-01-06-01-02-02-09.wav,RAVDESS,R09,male,fearful,4,2,paper,0,CNN_BiLSTM,full
data/RAVDESS/Actor_01/03-01-03-02-01-02-01.wav,RAVDESS,R01,male,happy,1,1,paper,0,CNN_BiLSTM,full
data/RAVDESS/Actor_23/03-01-07-02-02-02-23.wav,RAVDESS,R23,male,disgust,5,5,paper,0,CNN_BiLSTM,full
data/RAVDESS/Actor_19/03-01-08-01-02-01-19.wav,RAVDESS,R19,male,surprised,6,0,paper,0,CNN_BiLSTM,full
data/RAVDESS/Actor_05/03-01-05-01-01-01-05.wav,RAVDESS,R05,male,angry,3,6,paper,0,CNN_BiLSTM,full
data/RAVDESS/Actor_08/03-01-02-01-01-02-08.wav,RAVDESS,R08,female,neutral,0,0,paper,0,CNN_BiLSTM,full
data/RAVDESS/Actor_17/03-01-04-01-01-02-17.wav,RAVDESS,R17,male,sad,2,2,paper,0,CNN_BiLSTM,full
data/RAVDESS/Actor_13/03-01-05-02-01-01-13.wav,RAVDESS,R13,male,angry,3,3,paper,0,CNN_BiLSTM,full
data/RAVDESS/Actor_02/03-01-06-02-02-01-02.wav,RAVDESS,R02,female,fearful,4,4,paper,0,CNN_BiLSTM,full
data/RAVDESS/Actor_22/03-01-04-01-02-01-22.wav,RAVDESS,R22,female,sad,2,2,paper,0,CNN_BiLSTM,full
data/RAVDESS/Actor_23/03-01-07-02-01-01-23.wav,RAVDESS,R23,male,disgust,5,5,paper,0,CNN_BiLSTM,full
data/RAVDESS/Actor_16/03-01-02-02-01-01-16.wav,RAVDESS,R16,female,neutral,0,0,paper,0,CNN_BiLSTM,full
data/RAVDESS/Actor_01/03-01-05-02-02-02-01.wav,RAVDESS,R01,male,angry,3,3,paper,0,CNN_BiLSTM,full
data/RAVDESS/Actor_06/03-01-04-01-02-01-06.wav,RAVDESS,R06,female,sad,2,2,paper,0,CNN_BiLSTM,full
data/RAVDESS/Actor_24/03-01-06-02-02-01-24.wav,RAVDESS,R24,female,fearful,4,4,paper,0,CNN_BiLSTM,full
data/RAVDESS/Actor_02/03-01-01-01-01-02-02.wav,RAVDESS,R02,female,neutral,0,0,paper,0,CNN_BiLSTM,full
data/RAVDESS/Actor_02/03-01-05-02-02-02-02.wav,RAVDESS,R02,female,angry,3,3,paper,0,CNN_BiLSTM,full
data/RAVDESS/Actor_01/03-01-08-02-02-01-01.wav,RAVDESS,R01,male,surprised,6,3,paper,0,CNN_BiLSTM,full
data/RAVDESS/Actor_23/03-01-04-01-01-01-23.wav,RAVDESS,R23,male,sad,2,0,paper,0,CNN_BiLSTM,full
data/RAVDESS/Actor_14/03-01-06-02-01-01-14.wav,RAVDESS,R14,female,fearful,4,4,paper,0,CNN_BiLSTM,full
data/RAVDESS/Actor_02/03-01-04-01-02-02-02.wav,RAVDESS,R02,female,sad,2,2,paper,0,CNN_BiLSTM,full
data/RAVDESS/Actor_02/03-01-02-02-01-02-02.wav,RAVDESS,R02,female,neutral,0,0,paper,0,CNN_BiLSTM,full
data/RAVDESS/Actor_04/03-01-08-02-01-01-04.wav,RAVDESS,R04,female,surprised,6,6,paper,0,CNN_BiLSTM,full
data/RAVDESS/Actor_18/03-01-08-02-01-02-18.wav,RAVDESS,R18,female,surprised,6,6,paper,0,CNN_BiLSTM,full
data/RAVDESS/Actor_04/03-01-07-01-02-01-04.wav,RAVDESS,R04,female,disgust,5,5,paper,0,CNN_BiLSTM,full
data/RAVDESS/Actor_01/03-01-06-01-02-01-01.wav,RAVDESS,R01,male,fearful,4,0,paper,0,CNN_BiLSTM,full
data/RAVDESS/Actor_21/03-01-06-02-02-01-21.wav,RAVDESS,R21,male,fearful,4,4,paper,0,CNN_BiLSTM,full
data/RAVDESS/Actor_18/03-01-03-02-01-02-18.wav,RAVDESS,R18,female,happy,1,1,paper,0,CNN_BiLSTM,full
data/RAVDESS/Actor_09/03-01-07-01-01-02-09.wav,RAVDESS,R09,male,disgust,5,5,paper,0,CNN_BiLSTM,full
data/RAVDESS/Actor_06/03-01-06-01-01-02-06.wav,RAVDESS,R06,female,fearful,4,4,paper,0,CNN_BiLSTM,full
data/RAVDESS/Actor_15/03-01-03-02-02-01-15.wav,RAVDESS,R15,male,happy,1,5,paper,0,CNN_BiLSTM,full
data/RAVDESS/Actor_15/03-01-07-02-01-02-15.wav,RAVDESS,R15,male,disgust,5,5,paper,0,CNN_BiLSTM,full
data/RAVDESS/Actor_01/03-01-02-01-02-02-01.wav,RAVDESS,R01,male,neutral,0,0,paper,0,CNN_BiLSTM,full
data/RAVDESS/Actor_04/03-01-07-01-01-02-04.wav,RAVDESS,R04,female,disgust,5,5,paper,0,CNN_BiLSTM,full
data/RAVDESS/Actor_03/03-01-08-02-02-02-03.wav,RAVDESS,R03,male,surprised,6,6,paper,0,CNN_BiLSTM,full
data/RAVDESS/Actor_24/03-01-08-02-01-01-24.wav,RAVDESS,R24,female,surprised,6,6,paper,0,CNN_BiLSTM,full
data/RAVDESS/Actor_11/03-01-08-01-01-02-11.wav,RAVDESS,R11,male,surprised,6,6,paper,0,CNN_BiLSTM,full
data/RAVDESS/Actor_11/03-01-02-02-02-01-11.wav,RAVDESS,R11,male,neutral,0,0,paper,0,CNN_BiLSTM,full
data/RAVDESS/Actor_12/03-01-04-02-01-01-12.wav,RAVDESS,R12,female,sad,2,1,paper,0,CNN_BiLSTM,full
data/RAVDESS/Actor_02/03-01-07-01-01-02-02.wav,RAVDESS,R02,female,disgust,5,5,paper,0,CNN_BiLSTM,full
data/RAVDESS/Actor_15/03-01-06-01-02-01-15.wav,RAVDESS,R15,male,fearful,4,4,paper,0,CNN_BiLSTM,full
data/RAVDESS/Actor_21/03-01-04-01-02-01-21.wav,RAVDESS,R21,male,sad,2,0,paper,0,CNN_BiLSTM,full
data/RAVDESS/Actor_04/03-01-06-01-02-02-04.wav,RAVDESS,R04,female,fearful,4,4,paper,0,CNN_BiLSTM,full
data/RAVDESS/Actor_02/03-01-02-02-01-01-02.wav,RAVDESS,R02,female,neutral,0,0,paper,0,CNN_BiLSTM,full
data/RAVDESS/Actor_19/03-01-04-02-02-02-19.wav,RAVDESS,R19,male,sad,2,2,paper,0,CNN_BiLSTM,full
data/RAVDESS/Actor_16/03-01-07-01-02-01-16.wav,RAVDESS,R16,female,disgust,5,6,paper,0,CNN_BiLSTM,full
data/RAVDESS/Actor_11/03-01-06-01-02-01-11.wav,RAVDESS,R11,male,fearful,4,4,paper,0,CNN_BiLSTM,full
data/RAVDESS/Actor_20/03-01-07-01-02-01-20.wav,RAVDESS,R20,female,disgust,5,5,paper,0,CNN_BiLSTM,full
data/RAVDESS/Actor_21/03-01-01-01-01-02-21.wav,RAVDESS,R21,male,neutral,0,0,paper,0,Ensemble,full
data/RAVDESS/Actor_08/03-01-06-02-02-02-08.wav,RAVDESS,R08,female,fearful,4,4,paper,0,Ensemble,full
data/RAVDESS/Actor_15/03-01-06-01-01-01-15.wav,RAVDESS,R15,male,fearful,4,2,paper,0,Ensemble,full
data/RAVDESS/Actor_15/03-01-05-02-02-01-15.wav,RAVDESS,R15,male,angry,3,3,paper,0,Ensemble,full
data/RAVDESS/Actor_05/03-01-02-02-02-01-05.wav,RAVDESS,R05,male,neutral,0,0,paper,0,Ensemble,full
data/RAVDESS/Actor_09/03-01-02-02-01-02-09.wav,RAVDESS,R09,male,neutral,0,2,paper,0,Ensemble,full
data/RAVDESS/Actor_15/03-01-07-01-02-01-15.wav,RAVDESS,R15,male,disgust,5,5,paper,0,Ensemble,full
data/RAVDESS/Actor_14/03-01-06-02-02-01-14.wav,RAVDESS,R14,female,fearful,4,1,paper,0,Ensemble,full
data/RAVDESS/Actor_09/03-01-02-01-02-01-09.wav,RAVDESS,R09,male,neutral,0,0,paper,0,Ensemble,full
data/RAVDESS/Actor_07/03-01-02-02-01-01-07.wav,RAVDESS,R07,male,neutral,0,0,paper,0,Ensemble,full
data/RAVDESS/Actor_10/03-01-04-02-02-02-10.wav,RAVDESS,R10,female,sad,2,2,paper,0,Ensemble,full
data/RAVDESS/Actor_06/03-01-07-02-02-01-06.wav,RAVDESS,R06,female,disgust,5,5,paper,0,Ensemble,full
data/RAVDESS/Actor_21/03-01-01-01-02-02-21.wav,RAVDESS,R21,male,neutral,0,0,paper,0,Ensemble,full
data/RAVDESS/Actor_06/03-01-05-02-01-02-06.wav,RAVDESS,R06,female,angry,3,3,paper,0,Ensemble,full
data/RAVDESS/Actor_01/03-01-04-01-01-02-01.wav,RAVDESS,R01,male,sad,2,2,paper,0,Ensemble,full
data/RAVDESS/Actor_15/03-01-05-02-01-02-15.wav,RAVDESS,R15,male,angry,3,3,paper,0,Ensemble,full
data/RAVDESS/Actor_02/03-01-08-01-02-01-02.wav,RAVDESS,R02,female,surprised,6,6,paper,0,Ensemble,full
data/RAVDESS/Actor_20/03-01-04-02-02-02-20.wav,RAVDESS,R20,female,sad,2,2,paper,0,Ensemble,full
data/RAVDESS/Actor_12/03-01-01-01-02-01-12.wav,RAVDESS,R12,female,neutral,0,0,paper,0,Ensemble,full
data/RAVDESS/Actor_17/03-01-05-02-02-02-17.wav,RAVDESS,R17,male,angry,3,3,paper,0,Ensemble,full
data/RAVDESS/Actor_11/03-01-05-01-01-02-11.wav,RAVDESS,R11,male,angry,3,3,paper,0,Ensemble,full
data/RAVDESS/Actor_17/03-01-03-02-02-02-17.wav,RAVDESS,R17,male,happy,1,1,paper,0,Ensemble,full
data/RAVDESS/Actor_24/03-01-03-01-02-01-24.wav,RAVDESS,R24,female,happy,1,6,paper,0,Ensemble,full
data/RAVDESS/Actor_16/03-01-04-01-02-02-16.wav,RAVDESS,R16,female,sad,2,2,paper,0,Ensemble,full
data/RAVDESS/Actor_16/03-01-05-01-01-02-16.wav,RAVDESS,R16,female,angry,3,3,paper,0,Ensemble,full
data/RAVDESS/Actor_13/03-01-02-01-02-02-13.wav,RAVDESS,R13,male,neutral,0,0,paper,0,Ensemble,full
data/RAVDESS/Actor_08/03-01-01-01-02-02-08.wav,RAVDESS,R08,female,neutral,0,0,paper,0,Ensemble,full
data/RAVDESS/Actor_02/03-01-07-01-02-01-02.wav,RAVDESS,R02,female,disgust,5,5,paper,0,Ensemble,full
data/RAVDESS/Actor_03/03-01-03-01-01-01-03.wav,RAVDESS,R03,male,happy,1,1,paper,0,Ensemble,full
data/RAVDESS/Actor_07/03-01-05-02-02-02-07.wav,RAVDESS,R07,male,angry,3,3,paper,0,Ensemble,full
data/RAVDESS/Actor_05/03-01-03-01-02-01-05.wav,RAVDESS,R05,male,happy,1,0,paper,0,Ensemble,full
data/RAVDESS/Actor_22/03-01-02-01-01-02-22.wav,RAVDESS,R22,female,neutral,0,0,paper,0,Ensemble,full
data/RAVDESS/Actor_09/03-01-02-01-02-02-09.wav,RAVDESS,R09,male,neutral,0,0,paper,0,Ensemble,full
data/RAVDESS/Actor_17/03-01-03-02-02-01-17.wav,RAVDESS,R17,male,happy,1,4,paper,0,Ensemble,full
data/RAVDESS/Actor_14/03-01-02-02-02-01-14.wav,RAVDESS,R14,female,neutral,0,0,paper,0,Ensemble,full
data/RAVDESS/Actor_22/03-01-06-01-01-02-22.wav,RAVDESS,R22,female,fearful,4,4,paper,0,Ensemble,full
data/RAVDESS/Actor_08/03-01-02-01-02-02-08.wav,RAVDESS,R08,female,neutral,0,0,paper,0,Ensemble,full
data/RAVDESS/Actor_09/03-01-05-01-01-01-09.wav,RAVDESS,R09,male,angry,3,0,paper,0,Ensemble,full
data/RAVDESS/Actor_15/03-01-03-02-01-01-15.wav,RAVDESS,R15,male,happy,1,1,paper,0,Ensemble,full
data/RAVDESS/Actor_09/03-01-04-01-02-01-09.wav,RAVDESS,R09,male,sad,2,2,paper,0,Ensemble,full
data/RAVDESS/Actor_22/03-01-04-02-01-02-22.wav,RAVDESS,R22,female,sad,2,2,paper,0,Ensemble,full
data/RAVDESS/Actor_06/03-01-04-02-01-02-06.wav,RAVDESS,R06,female,sad,2,5,paper,0,Ensemble,full
data/RAVDESS/Actor_16/03-01-02-02-02-02-16.wav,RAVDESS,R16,female,neutral,0,0,paper,0,Ensemble,full
data/RAVDESS/Actor_20/03-01-07-02-01-01-20.wav,RAVDESS,R20,female,disgust,5,5,paper,0,Ensemble,full
data/RAVDESS/Actor_14/03-01-02-01-01-01-14.wav,RAVDESS,R14,female,neutral,0,2,paper,0,Ensemble,full
data/RAVDESS/Actor_05/03-01-08-01-02-02-05.wav,RAVDESS,R05,male,surprised,6,6,paper,0,Ensemble,full
data/RAVDESS/Actor_20/03-01-05-01-01-01-20.wav,RAVDESS,R20,female,angry,3,6,paper,0,Ensemble,full
data/RAVDESS/Actor_12/03-01-05-01-02-02-12.wav,RAVDESS,R12,female,angry,3,5,paper,0,Ensemble,full
data/RAVDESS/Actor_22/03-01-03-01-02-02-22.wav,RAVDESS,R22,female,happy,1,1,paper,0,Ensemble,full
data/RAVDESS/Actor_03/03-01-03-02-01-01-03.wav,RAVDESS,R03,male,happy,1,1,paper,0,Ensemble,full
data/RAVDESS/Actor_09/03-01-04-02-01-01-09.wav,RAVDESS,R09,male,sad,2,2,paper,0,Ensemble,full
data/RAVDESS/Actor_05/03-01-01-01-01-01-05.wav,RAVDESS,R05,male,neutral,0,0,paper,0,Ensemble,full
data/RAVDESS/Actor_01/03-01-06-02-02-02-01.wav,RAVDESS,R01,male,fearful,4,1,paper,0,Ensemble,full
data/RAVDESS/Actor_24/03-01-03-02-01-01-24.wav,RAVDESS,R24,female,happy,1,3,paper,0,Ensemble,full
data/RAVDESS/Actor_05/03-01-07-01-01-01-05.wav,RAVDESS,R05,male,disgust,5,5,paper,0,Ensemble,full
data/RAVDESS/Actor_17/03-01-05-02-01-02-17.wav,RAVDESS,R17,male,angry,3,3,paper,0,Ensemble,full
data/RAVDESS/Actor_13/03-01-03-01-01-01-13.wav,RAVDESS,R13,male,happy,1,1,paper,0,Ensemble,full
data/RAVDESS/Actor_01/03-01-04-01-02-02-01.wav,RAVDESS,R01,male,sad,2,2,paper,0,Ensemble,full
data/RAVDESS/Actor_19/03-01-06-01-01-01-19.wav,RAVDESS,R19,male,fearful,4,4,paper,0,Ensemble,full
data/RAVDESS/Actor_03/03-01-02-02-02-01-03.wav,RAVDESS,R03,male,neutral,0,0,paper,0,Ensemble,full
data/RAVDESS/Actor_19/03-01-05-02-02-02-19.wav,RAVDESS,R19,male,angry,3,3,paper,0,Ensemble,full
data/RAVDESS/Actor_04/03-01-03-01-02-02-04.wav,RAVDESS,R04,female,happy,1,1,paper,0,Ensemble,full
data/RAVDESS/Actor_19/03-01-03-01-02-02-19.wav,RAVDESS,R19,male,happy,1,1,paper,0,Ensemble,full
data/RAVDESS/Actor_11/03-01-08-02-01-01-11.wav,RAVDESS,R11,male,surprised,6,6,paper,0,Ensemble,full
data/RAVDESS/Actor_05/03-01-08-02-01-01-05.wav,RAVDESS,R05,male,surprised,6,5,paper,0,Ensemble,full
data/RAVDESS/Actor_17/03-01-07-01-01-02-17.wav,RAVDESS,R17,male,disgust,5,5,paper,0,Ensemble,full
data/RAVDESS/Actor_19/03-01-06-02-02-01-19.wav,RAVDESS,R19,male,fearful,4,4,paper,0,Ensemble,full
data/RAVDESS/Actor_04/03-01-03-02-01-02-04.wav,RAVDESS,R04,female,happy,1,1,paper,0,Ensemble,full
data/RAVDESS/Actor_21/03-01-04-01-01-01-21.wav,RAVDESS,R21,male,sad,2,2,paper,0,Ensemble,full
data/RAVDESS/Actor_01/03-01-02-02-01-01-01.wav,RAVDESS,R01,male,neutral,0,0,paper,0,Ensemble,full
data/RAVDESS/Actor_23/03-01-05-01-01-02-23.wav,RAVDESS,R23,male,angry,3,3,paper,0,Ensemble,full
data/RAVDESS/Actor_04/03-01-03-01-02-01-04.wav,RAVDESS,R04,female,happy,1,1,paper,0,Ensemble,full
data/RAVDESS/Actor_16/03-01-02-01-02-02-16.wav,RAVDESS,R16,female,neutral,0,0,paper,0,Ensemble,full
data/RAVDESS/Actor_21/03-01-02-02-01-02-21.wav,RAVDESS,R21,male,neutral,0,0,paper,0,Ensemble,full
data/RAVDESS/Actor_18/03-01-08-01-01-01-18.wav,RAVDESS,R18,female,surprised,6,2,paper,0,Ensemble,full
data/RAVDESS/Actor_10/03-01-01-01-02-01-10.wav,RAVDESS,R10,female,neutral,0,0,paper,0,Ensemble,full
data/RAVDESS/Actor_21/03-01-05-01-01-01-21.wav,RAVDESS,R21,male,angry,3,3,paper,0,Ensemble,full
data/RAVDESS/Actor_05/03-01-07-01-02-02-05.wav,RAVDESS,R05,male,disgust,5,5,paper,0,Ensemble,full
data/RAVDESS/Actor_11/03-01-08-02-01-02-11.wav,RAVDESS,R11,male,surprised,6,6,paper,0,Ensemble,full
data/RAVDESS/Actor_18/03-01-08-01-02-02-18.wav,RAVDESS,R18,female,surprised,6,6,paper,0,Ensemble,full
data/RAVDESS/Actor_06/03-01-07-01-02-01-06.wav,RAVDESS,R06,female,disgust,5,2,paper,0,Ensemble,full
data/RAVDESS/Actor_03/03-01-04-02-02-02-03.wav,RAVDESS,R03,male,sad,2,1,paper,0,Ensemble,full
data/RAVDESS/Actor_07/03-01-08-02-02-01-07.wav,RAVDESS,R07,male,surprised,6,6,paper,0,Ensemble,full
data/RAVDESS/Actor_05/03-01-06-02-02-01-05.wav,RAVDESS,R05,male,fearful,4,4,paper,0,Ensemble,full
data/RAVDESS/Actor_22/03-01-01-01-01-01-22.wav,RAVDESS,R22,female,neutral,0,0,paper,0,Ensemble,full
data/RAVDESS/Actor_15/03-01-08-02-02-02-15.wav,RAVDESS,R15,male,surprised,6,2,paper,0,Ensemble,full
data/RAVDESS/Actor_05/03-01-03-02-01-02-05.wav,RAVDESS,R05,male,happy,1,1,paper,0,Ensemble,full
data/RAVDESS/Actor_06/03-01-03-02-02-02-06.wav,RAVDESS,R06,female,happy,1,1,paper,0,Ensemble,full
data/RAVDESS/Actor_12/03-01-05-01-01-02-12.wav,RAVDESS,R12,female,angry,3,3,paper,0,Ensemble,full
data/RAVDESS/Actor_14/03-01-08-01-02-02-14.wav,RAVDESS,R14,female,surprised,6,6,paper,0,Ensemble,full
data/RAVDESS/Actor_21/03-01-06-02-02-02-21.wav,RAVDESS,R21,male,fearful,4,4,paper,0,Ensemble,full
data/RAVDESS/Actor_19/03-01-08-02-02-01-19.wav,RAVDESS,R19,male,surprised,6,6,paper,0,Ensemble,full
data/RAVDESS/Actor_23/03-01-07-02-02-01-23.wav,RAVDESS,R23,male,disgust,5,5,paper,0,Ensemble,full
data/RAVDESS/Actor_12/03-01-07-02-02-01-12.wav,RAVDESS,R12,female,disgust,5,5,paper,0,Ensemble,full
data/RAVDESS/Actor_15/03-01-06-02-02-01-15.wav,RAVDESS,R15,male,fearful,4,4,paper,0,Ensemble,full
data/RAVDESS/Actor_16/03-01-08-02-02-02-16.wav,RAVDESS,R16,female,surprised,6,6,paper,0,Ensemble,full
data/RAVDESS/Actor_09/03-01-06-01-02-02-09.wav,RAVDESS,R09,male,fearful,4,2,paper,0,Ensemble,full
data/RAVDESS/Actor_01/03-01-03-02-01-02-01.wav,RAVDESS,R01,male,happy,1,1,paper,0,Ensemble,full
data/RAVDESS/Actor_23/03-01-07-02-02-02-23.wav,RAVDESS,R23,male,disgust,5,5,paper,0,Ensemble,full
data/RAVDESS/Actor_19/03-01-08-01-02-01-19.wav,RAVDESS,R19,male,surprised,6,5,paper,0,Ensemble,full
data/RAVDESS/Actor_05/03-01-05-01-01-01-05.wav,RAVDESS,R05,male,angry,3,3,paper,0,Ensemble,full
data/RAVDESS/Actor_08/03-01-02-01-01-02-08.wav,RAVDESS,R08,female,neutral,0,0,paper,0,Ensemble,full
data/RAVDESS/Actor_17/03-01-04-01-01-02-17.wav,RAVDESS,R17,male,sad,2,2,paper,0,Ensemble,full
data/RAVDESS/Actor_13/03-01-05-02-01-01-13.wav,RAVDESS,R13,male,angry,3,3,paper,0,Ensemble,full
data/RAVDESS/Actor_02/03-01-06-02-02-01-02.wav,RAVDESS,R02,female,fearful,4,4,paper,0,Ensemble,full
data/RAVDESS/Actor_22/03-01-04-01-02-01-22.wav,RAVDESS,R22,female,sad,2,2,paper,0,Ensemble,full
data/RAVDESS/Actor_23/03-01-07-02-01-01-23.wav,RAVDESS,R23,male,disgust,5,5,paper,0,Ensemble,full
data/RAVDESS/Actor_16/03-01-02-02-01-01-16.wav,RAVDESS,R16,female,neutral,0,0,paper,0,Ensemble,full
data/RAVDESS/Actor_01/03-01-05-02-02-02-01.wav,RAVDESS,R01,male,angry,3,3,paper,0,Ensemble,full
data/RAVDESS/Actor_06/03-01-04-01-02-01-06.wav,RAVDESS,R06,female,sad,2,2,paper,0,Ensemble,full
data/RAVDESS/Actor_24/03-01-06-02-02-01-24.wav,RAVDESS,R24,female,fearful,4,4,paper,0,Ensemble,full
data/RAVDESS/Actor_02/03-01-01-01-01-02-02.wav,RAVDESS,R02,female,neutral,0,0,paper,0,Ensemble,full
data/RAVDESS/Actor_02/03-01-05-02-02-02-02.wav,RAVDESS,R02,female,angry,3,3,paper,0,Ensemble,full
data/RAVDESS/Actor_01/03-01-08-02-02-01-01.wav,RAVDESS,R01,male,surprised,6,4,paper,0,Ensemble,full
data/RAVDESS/Actor_23/03-01-04-01-01-01-23.wav,RAVDESS,R23,male,sad,2,0,paper,0,Ensemble,full
data/RAVDESS/Actor_14/03-01-06-02-01-01-14.wav,RAVDESS,R14,female,fearful,4,4,paper,0,Ensemble,full
data/RAVDESS/Actor_02/03-01-04-01-02-02-02.wav,RAVDESS,R02,female,sad,2,2,paper,0,Ensemble,full
data/RAVDESS/Actor_02/03-01-02-02-01-02-02.wav,RAVDESS,R02,female,neutral,0,0,paper,0,Ensemble,full
data/RAVDESS/Actor_04/03-01-08-02-01-01-04.wav,RAVDESS,R04,female,surprised,6,6,paper,0,Ensemble,full
data/RAVDESS/Actor_18/03-01-08-02-01-02-18.wav,RAVDESS,R18,female,surprised,6,6,paper,0,Ensemble,full
data/RAVDESS/Actor_04/03-01-07-01-02-01-04.wav,RAVDESS,R04,female,disgust,5,5,paper,0,Ensemble,full
data/RAVDESS/Actor_01/03-01-06-01-02-01-01.wav,RAVDESS,R01,male,fearful,4,0,paper,0,Ensemble,full
data/RAVDESS/Actor_21/03-01-06-02-02-01-21.wav,RAVDESS,R21,male,fearful,4,4,paper,0,Ensemble,full
data/RAVDESS/Actor_18/03-01-03-02-01-02-18.wav,RAVDESS,R18,female,happy,1,1,paper,0,Ensemble,full
data/RAVDESS/Actor_09/03-01-07-01-01-02-09.wav,RAVDESS,R09,male,disgust,5,5,paper,0,Ensemble,full
data/RAVDESS/Actor_06/03-01-06-01-01-02-06.wav,RAVDESS,R06,female,fearful,4,4,paper,0,Ensemble,full
data/RAVDESS/Actor_15/03-01-03-02-02-01-15.wav,RAVDESS,R15,male,happy,1,5,paper,0,Ensemble,full
data/RAVDESS/Actor_15/03-01-07-02-01-02-15.wav,RAVDESS,R15,male,disgust,5,5,paper,0,Ensemble,full
data/RAVDESS/Actor_01/03-01-02-01-02-02-01.wav,RAVDESS,R01,male,neutral,0,0,paper,0,Ensemble,full
data/RAVDESS/Actor_04/03-01-07-01-01-02-04.wav,RAVDESS,R04,female,disgust,5,5,paper,0,Ensemble,full
data/RAVDESS/Actor_03/03-01-08-02-02-02-03.wav,RAVDESS,R03,male,surprised,6,6,paper,0,Ensemble,full
data/RAVDESS/Actor_24/03-01-08-02-01-01-24.wav,RAVDESS,R24,female,surprised,6,6,paper,0,Ensemble,full
data/RAVDESS/Actor_11/03-01-08-01-01-02-11.wav,RAVDESS,R11,male,surprised,6,6,paper,0,Ensemble,full
data/RAVDESS/Actor_11/03-01-02-02-02-01-11.wav,RAVDESS,R11,male,neutral,0,0,paper,0,Ensemble,full
data/RAVDESS/Actor_12/03-01-04-02-01-01-12.wav,RAVDESS,R12,female,sad,2,2,paper,0,Ensemble,full
data/RAVDESS/Actor_02/03-01-07-01-01-02-02.wav,RAVDESS,R02,female,disgust,5,5,paper,0,Ensemble,full
data/RAVDESS/Actor_15/03-01-06-01-02-01-15.wav,RAVDESS,R15,male,fearful,4,4,paper,0,Ensemble,full
data/RAVDESS/Actor_21/03-01-04-01-02-01-21.wav,RAVDESS,R21,male,sad,2,0,paper,0,Ensemble,full
data/RAVDESS/Actor_04/03-01-06-01-02-02-04.wav,RAVDESS,R04,female,fearful,4,4,paper,0,Ensemble,full
data/RAVDESS/Actor_02/03-01-02-02-01-01-02.wav,RAVDESS,R02,female,neutral,0,0,paper,0,Ensemble,full
data/RAVDESS/Actor_19/03-01-04-02-02-02-19.wav,RAVDESS,R19,male,sad,2,2,paper,0,Ensemble,full
data/RAVDESS/Actor_16/03-01-07-01-02-01-16.wav,RAVDESS,R16,female,disgust,5,6,paper,0,Ensemble,full
data/RAVDESS/Actor_11/03-01-06-01-02-01-11.wav,RAVDESS,R11,male,fearful,4,4,paper,0,Ensemble,full
data/RAVDESS/Actor_20/03-01-07-01-02-01-20.wav,RAVDESS,R20,female,disgust,5,5,paper,0,Ensemble,full
