experiment,fold,model,variant,fit_s,infer_ms,params,epochs,best_val_acc
ravdess_to_tess,0,Majority,full,0.0006551742553710938,5.108969552176339e-05,,,
ravdess_to_tess,0,SVM,full,5.096794605255127,0.28390356472560335,,,
ravdess_to_tess,0,RandomForest,full,2.313755989074707,0.03445063318525042,,,
ravdess_to_tess,0,CNN,full,445.6320586204529,1.3547982488359724,616615.0,14.0,0.7708333134651184
ravdess_to_tess,0,CNN_BiLSTM,full,593.1468060016632,1.8952579157693046,688807.0,16.0,0.8055555820465088
ravdess_to_tess,0,Ensemble,full,,,1305422.0,,
tess_to_ravdess,0,Majority,full,0.0006635189056396484,5.3313043382432726e-05,,,
tess_to_ravdess,0,SVM,full,3.8001554012298584,0.153171353869968,,,
tess_to_ravdess,0,RandomForest,full,4.369612216949463,0.06871173779169719,,,
tess_to_ravdess,0,CNN,full,658.8580367565155,1.4956861734390259,616615.0,10.0,1.0
tess_to_ravdess,0,CNN_BiLSTM,full,658.5580697059631,1.9689485430717468,688807.0,9.0,0.9964285492897034
tess_to_ravdess,0,Ensemble,full,,,1305422.0,,
